studentid,subsidy
2,0
3,0
16,0
17,0
32,0
33,0
34,0
35,0
38,0
39,0
46,0
47,0
48,0
49,0
60,0
61,0
72,0
73,0
90,0
91,0
96,0
97,0
100,0
101,0
102,0
103,0
104,0
105,0
108,0
109,0
110,0
111,0
114,0
115,0
116,0
117,0
120,0
121,0
136,0
137,0
140,0
141,0
146,0
147,0
148,0
149,0
166,0
167,0
182,0
183,0
190,0
191,0
200,0
201,0
202,0
203,0
204,0
205,0
214,0
215,0
218,0
219,0
228,0
229,0
234,0
235,0
250,0
251,0
260,0
261,0
268,0
269,0
270,0
271,0
272,0
273,0
274,0
275,0
276,0
277,0
278,0
279,0
286,0
287,0
290,0
291,0
298,0
299,0
304,0
305,0
308,0
309,0
310,0
311,0
312,0
313,0
318,0
319,0
320,0
321,0
324,0
325,0
328,0
329,0
334,0
335,0
344,0
345,0
348,0
349,0
358,0
359,0
362,0
363,0
376,0
377,0
384,0
385,0
386,0
387,0
388,0
389,0
390,0
391,0
394,0
395,0
396,0
397,0
404,1000
405,0
416,0
417,0
418,0
419,0
420,0
421,0
424,0
425,0
432,0
433,0
442,0
443,0
444,0
445,0
446,0
447,0
452,0
453,0
454,0
455,0
460,0
461,0
462,0
463,0
466,0
467,0
468,0
469,0
474,0
475,0
478,0
479,0
484,0
485,0
486,0
487,0
488,0
489,0
498,0
499,0
500,0
501,0
502,0
503,0
512,0
513,0
526,0
527,0
544,0
545,0
550,0
551,0
558,0
559,0
562,0
563,0
570,0
571,0
574,0
575,0
578,0
579,0
582,0
583,0
586,0
587,0
588,0
589,0
592,0
593,0
594,0
595,0
598,0
599,0
604,0
605,0
608,0
609,0
610,0
611,0
614,0
615,0
618,0
619,0
620,0
621,0
630,0
631,0
640,0
641,0
642,0
643,0
646,0
647,0
654,0
655,0
664,0
665,0
668,0
669,0
678,0
679,0
682,0
683,0
684,0
685,0
686,0
687,0
692,0
693,0
710,0
711,0
728,0
729,0
730,0
731,0
734,0
735,0
736,0
737,0
738,0
739,0
740,0
741,0
748,0
749,0
750,0
751,0
758,0
759,0
766,0
767,0
776,0
777,0
788,0
789,0
790,0
791,0
798,0
799,0
804,0
805,0
808,0
809,0
810,0
811,0
830,0
831,0
832,0
833,0
834,0
835,0
842,0
843,0
846,0
847,0
848,0
849,0
850,0
851,0
852,0
853,0
854,0
855,0
858,0
859,0
860,0
861,0
864,0
865,0
868,0
869,0
902,0
903,0
914,0
915,0
922,0
923,0
924,0
925,0
934,0
935,0
938,0
939,0
942,0
943,0
944,0
945,0
950,0
951,0
952,0
953,0
954,0
955,0
956,0
957,0
960,0
961,0
974,0
975,0
978,0
979,0
980,0
981,0
982,0
983,0
984,0
985,0
992,0
993,0
994,0
995,0
1000,0
1001,0
1008,0
1009,0
1022,0
1023,0
1026,0
1027,0
1038,0
1039,0
1044,0
1045,0
1046,0
1047,0
1048,0
1049,0
1052,0
1053,0
1058,0
1059,0
1060,0
1061,0
1062,0
1063,0
1064,0
1065,0
1066,0
1067,0
1068,0
1069,0
1074,0
1075,0
1078,0
1079,0
1080,0
1081,0
1088,0
1089,0
1092,0
1093,0
1096,0
1097,0
1120,0
1121,0
1128,0
1129,0
1130,0
1131,0
1134,0
1135,0
1140,0
1141,0
1144,0
1145,0
1150,0
1151,0
1152,0
1153,0
1156,0
1157,0
1166,0
1167,0
1168,0
1169,0
1176,0
1177,0
1198,0
1199,0
1204,0
1205,0
1206,0
1207,0
1208,0
1209,0
1210,0
1211,0
1212,0
1213,0
1214,0
1215,0
1216,0
1217,0
1220,0
1221,0
1224,0
1225,0
1232,0
1233,0
1240,0
1241,0
1246,0
1247,0
1252,0
1253,0
1256,0
1257,0
1268,0
1269,0
1270,0
1271,0
1272,0
1273,0
1282,0
1283,0
1284,0
1285,0
1288,0
1289,0
1290,0
1291,0
1304,0
1305,0
1306,0
1307,0
1318,0
1319,0
1320,0
1321,0
1324,0
1325,0
1326,0
1327,0
1350,0
1351,0
1352,0
1353,0
1354,0
1355,0
1358,0
1359,0
1364,0
1365,0
1372,0
1373,0
1392,0
1393,0
1396,0
1397,0
1414,0
1415,0
1434,0
1435,0
1440,0
1441,0
1448,0
1449,0
1452,0
1453,0
1460,0
1461,0
1464,0
1465,0
1476,0
1477,0
1478,0
1479,0
1480,0
1481,0
1486,0
1487,0
1488,0
1489,0
1494,0
1495,0
1504,0
1505,0
1518,0
1519,0
1520,0
1521,0
1524,0
1525,0
1532,0
1533,0
1534,0
1535,0
1548,0
1549,0
1552,0
1553,0
1554,0
1555,0
1564,0
1565,0
1568,0
1569,0
1570,0
1571,0
1576,0
1577,0
1580,0
1581,0
1592,0
1593,0
1628,0
1629,0
1634,0
1635,0
1640,0
1641,0
1660,0
1661,0
1662,0
1663,0
1664,0
1665,0
1666,0
1667,0
1674,0
1675,0
1682,0
1683,0
1686,0
1687,0
1696,0
1697,0
1714,0
1715,0
1720,0
1721,0
1724,0
1725,0
1732,0
1733,0
1734,0
1735,0
1742,0
1743,0
1744,0
1745,0
1748,0
1749,0
1754,0
1755,0
1756,0
1757,0
1758,0
1759,0
1760,0
1761,0
1780,0
1781,0
1788,0
1789,0
1790,0
1791,0
1792,0
1793,0
1796,0
1797,0
1798,0
1799,0
1800,0
1801,0
1804,0
1805,0
1822,0
1823,0
1824,0
1825,0
1828,0
1829,0
1836,0
1837,0
1844,0
1845,0
1856,0
1857,0
1862,0
1863,0
1866,0
1867,0
1868,0
1869,0
1876,0
1877,0
1878,0
1879,0
1880,0
1881,0
1886,0
1887,0
1890,0
1891,0
1892,0
1893,0
1900,0
1901,0
1904,0
1905,0
1910,0
1911,0
1914,0
1915,0
1926,0
1927,0
1928,0
1929,0
1938,0
1939,0
1942,0
1943,0
1944,0
1945,0
1946,0
1947,0
1948,0
1949,0
1954,0
1955,0
1964,0
1965,0
1966,0
1967,0
1972,0
1973,0
1974,0
1975,0
1994,0
1995,0
1996,0
1997,0
1998,0
1999,0
2004,0
2005,0
2006,0
2007,0
2018,0
2019,0
2030,0
2031,0
2032,0
2033,0
2034,0
2035,0
2048,0
2049,0
2052,0
2053,0
2056,0
2057,0
2070,0
2071,0
2076,0
2077,0
2094,0
2095,0
2096,0
2097,0
2126,0
2127,0
2128,0
2129,0
2130,0
2131,0
2138,0
2139,0
2156,0
2157,0
2164,0
2165,0
2168,0
2169,0
2178,0
2179,0
2180,0
2181,0
2196,0
2197,0
2206,1000
2207,0
2214,0
2215,0
2224,0
2225,0
2228,0
2229,0
2230,0
2231,0
2236,0
2237,0
2246,0
2247,0
2248,0
2249,0
2264,0
2265,0
2266,0
2267,0
2272,0
2273,0
2298,0
2299,0
2310,0
2311,0
2314,0
2315,0
2318,0
2319,0
2348,0
2349,0
2354,0
2355,0
2358,0
2359,0
2362,0
2363,0
2366,0
2367,0
2368,0
2369,0
2372,0
2373,0
2374,0
2375,0
2380,0
2381,0
2382,0
2383,0
2384,0
2385,0
2390,0
2391,0
2402,0
2403,0
2408,0
2409,0
2410,0
2411,0
2424,0
2425,0
2432,0
2433,0
2438,0
2439,0
2442,0
2443,0
2444,0
2445,0
2448,0
2449,0
2454,0
2455,0
2456,0
2457,0
2460,0
2461,0
2462,0
2463,0
2464,0
2465,0
2466,0
2467,0
2478,0
2479,0
2482,0
2483,0
2486,1500
2487,1500
2490,0
2491,0
2492,0
2493,0
2494,0
2495,0
2498,0
2499,0
2500,0
2501,0
2508,0
2509,0
2510,0
2511,0
2516,0
2517,0
2532,0
2533,0
2540,0
2541,0
2550,0
2551,0
2556,0
2557,0
2562,0
2563,0
2570,0
2571,0
2572,0
2573,0
2576,0
2577,0
2580,0
2581,0
2582,0
2583,0
2584,0
2585,0
2598,0
2599,0
2606,0
2607,0
2612,0
2613,0
2622,0
2623,0
2626,0
2627,0
2628,0
2629,0
2632,0
2633,0
2636,0
2637,0
2644,0
2645,0
2648,0
2649,0
2654,0
2655,0
2656,0
2657,0
2658,0
2659,0
2662,0
2663,0
2672,0
2673,0
2674,0
2675,0
2678,0
2679,0
2680,0
2681,0
2682,0
2683,0
2690,0
2691,0
2696,0
2697,0
2700,0
2701,0
2706,0
2707,0
2708,0
2709,0
2712,0
2713,0
2720,0
2721,0
2722,0
2723,0
2730,0
2731,0
2732,0
2733,0
2738,0
2739,0
2748,0
2749,0
2764,0
2765,0
2766,0
2767,0
2776,0
2777,0
2782,0
2783,0
2788,0
2789,0
2802,0
2803,0
2810,0
2811,0
2818,0
2819,0
2826,0
2827,1000
2838,0
2839,0
2856,0
2857,0
2858,0
2859,0
2864,0
2865,0
2872,0
2873,0
2878,0
2879,0
2894,1000
2895,0
2904,0
2905,0
2906,0
2907,0
2914,0
2915,0
2920,0
2921,0
2926,0
2927,0
2930,0
2931,0
2938,0
2939,0
2944,0
2945,0
2948,0
2949,0
2952,0
2953,0
2954,0
2955,0
2956,1500
2957,0
2958,0
2959,0
2962,0
2963,0
2970,0
2971,0
2972,0
2973,0
2974,0
2975,0
2976,0
2977,0
2982,0
2983,0
2984,0
2985,0
2990,0
2991,0
2992,0
2993,0
2996,0
2997,0
3012,0
3013,0
3014,0
3015,0
3018,0
3019,0
3034,0
3035,0
3048,0
3049,0
3062,0
3063,0
3076,0
3077,0
3080,0
3081,0
3086,0
3087,0
3094,0
3095,0
3096,0
3097,0
3114,0
3115,0
3120,0
3121,0
3122,0
3123,0
3124,0
3125,0
3126,0
3127,0
3144,0
3145,0
3148,0
3149,0
3160,0
3161,0
3162,0
3163,0
3164,0
3165,0
3180,0
3181,0
3188,0
3189,0
3196,0
3197,0
3198,0
3199,0
3206,0
3207,0
3220,0
3221,0
3224,0
3225,0
3226,0
3227,0
3228,0
3229,0
3232,0
3233,0
3238,0
3239,0
3240,0
3241,0
3244,0
3245,0
3246,0
3247,0
3250,0
3251,0
3254,0
3255,0
3256,0
3257,0
3260,0
3261,0
3264,0
3265,0
3270,0
3271,0
3274,0
3275,0
3284,0
3285,0
3286,0
3287,0
3292,0
3293,0
3298,0
3299,0
3300,0
3301,0
3302,0
3303,0
3304,0
3305,0
3312,0
3313,0
3316,0
3317,0
3318,0
3319,0
3322,0
3323,0
3326,0
3327,0
3328,0
3329,0
3340,0
3341,0
3344,0
3345,0
3348,0
3349,0
3352,0
3353,0
3358,0
3359,0
3362,0
3363,0
3364,0
3365,0
3372,0
3373,0
3376,0
3377,0
3378,0
3379,0
3380,0
3381,0
3382,0
3383,0
3384,0
3385,0
3388,0
3389,0
3390,0
3391,0
3394,0
3395,0
3402,0
3403,0
3404,0
3405,1000
3406,0
3407,0
3412,0
3413,0
3418,0
3419,0
3420,0
3421,0
3426,0
3427,0
3430,0
3431,0
3436,0
3437,0
3448,0
3449,0
3450,0
3451,0
3456,0
3457,0
3458,0
3459,0
3460,0
3461,0
3462,0
3463,0
3488,0
3489,0
3490,0
3491,0
3500,0
3501,0
3510,0
3511,0
3516,0
3517,0
3518,0
3519,0
3520,0
3521,0
3530,0
3531,0
3532,0
3533,0
3534,0
3535,0
3538,0
3539,0
3540,0
3541,0
3546,0
3547,0
3556,0
3557,0
3568,0
3569,0
3576,0
3577,0
3578,0
3579,0
3580,0
3581,0
3588,0
3589,0
3590,0
3591,0
3596,0
3597,0
3598,0
3599,0
3602,0
3603,0
3604,0
3605,0
3614,0
3615,0
3624,0
3625,0
3628,0
3629,0
3632,0
3633,0
3640,1000
3641,0
3642,0
3643,0
3644,0
3645,0
3652,0
3653,0
3656,0
3657,0
3658,0
3659,0
3666,0
3667,0
3668,0
3669,0
3682,0
3683,0
3686,0
3687,0
3692,0
3693,0
3696,0
3697,0
3700,0
3701,0
3702,0
3703,0
3704,0
3705,0
3706,0
3707,0
3708,0
3709,0
3710,0
3711,0
3712,0
3713,0
3726,0
3727,0
3738,0
3739,0
3750,0
3751,0
3754,0
3755,0
3766,0
3767,0
3772,0
3773,0
3774,0
3775,0
3776,0
3777,0
3778,0
3779,0
3786,0
3787,0
3808,0
3809,0
3816,0
3817,0
3818,0
3819,0
3822,0
3823,0
3824,0
3825,0
3826,0
3827,0
3832,0
3833,0
3846,0
3847,0
3850,0
3851,0
3852,0
3853,0
3860,0
3861,0
3862,0
3863,0
3872,0
3873,0
3874,0
3875,0
3876,0
3877,0
3882,0
3883,0
3892,0
3893,0
3896,0
3897,0
3902,0
3903,0
3914,0
3915,0
3918,0
3919,0
3922,0
3923,0
3946,0
3947,0
3954,0
3955,0
3958,0
3959,0
3962,0
3963,0
3964,0
3965,0
3968,0
3969,0
3980,0
3981,0
3986,0
3987,0
3988,0
3989,0
3990,0
3991,0
3998,0
3999,0
4014,0
4015,0
4022,0
4023,0
4030,0
4031,0
4032,0
4033,0
4040,0
4041,0
4052,0
4053,0
4068,0
4069,0
4070,0
4071,0
4072,0
4073,0
4074,0
4075,0
4084,0
4085,0
4092,0
4093,0
4106,0
4107,0
4116,0
4117,0
4122,0
4123,0
4132,0
4133,0
4136,0
4137,0
4140,0
4141,0
4142,0
4143,1000
4160,0
4161,0
4164,0
4165,0
4176,0
4177,0
4182,0
4183,0
4186,0
4187,0
4188,0
4189,0
4190,0
4191,0
4194,0
4195,0
4198,1000
4199,0
4202,0
4203,0
4230,0
4231,0
4238,0
4239,0
4242,0
4243,0
4244,0
4245,0
4246,0
4247,0
4248,0
4249,0
4250,0
4251,0
4254,0
4255,0
4258,0
4259,0
4264,0
4265,0
4268,0
4269,0
4274,0
4275,0
4282,0
4283,0
4298,0
4299,0
4306,0
4307,0
4308,0
4309,0
4320,0
4321,0
4322,0
4323,0
4324,0
4325,0
4336,0
4337,0
4344,0
4345,0
4350,0
4351,0
4354,0
4355,0
4356,0
4357,0
4364,0
4365,0
4380,0
4381,0
4386,0
4387,0
4390,0
4391,0
4396,0
4397,0
4398,0
4399,0
4400,0
4401,0
4402,0
4403,0
4408,0
4409,0
4410,0
4411,0
4416,0
4417,0
4418,0
4419,0
4422,0
4423,0
4426,0
4427,0
4434,0
4435,0
4452,0
4453,0
4454,0
4455,0
4460,0
4461,0
4464,0
4465,0
4472,0
4473,0
4476,0
4477,0
4480,0
4481,0
4484,0
4485,0
4488,0
4489,0
4496,0
4497,0
4512,0
4513,0
4528,0
4529,0
4544,0
4545,0
4548,0
4549,0
4550,0
4551,0
4552,0
4553,0
4564,0
4565,0
4576,0
4577,0
4578,0
4579,0
4584,0
4585,0
4594,0
4595,0
4596,0
4597,0
4604,0
4605,0
4606,0
4607,0
4608,0
4609,0
4610,0
4611,0
4612,0
4613,0
4614,0
4615,0
4616,0
4617,0
4618,0
4619,0
4626,0
4627,0
4636,0
4637,0
4654,0
4655,0
4668,0
4669,0
4674,0
4675,0
4676,0
4677,0
4680,0
4681,0
4682,0
4683,0
4688,0
4689,0
4690,0
4691,0
4694,0
4695,0
4696,0
4697,2000
4698,0
4699,0
4700,0
4701,0
4702,0
4703,0
4704,0
4705,0
4710,0
4711,0
4712,0
4713,0
4714,0
4715,0
4718,0
4719,0
4730,0
4731,0
4742,0
4743,0
4746,0
4747,0
4748,0
4749,0
4752,0
4753,0
4766,0
4767,0
4776,0
4777,0
4778,0
4779,0
4780,0
4781,0
4788,0
4789,0
4796,0
4797,0
4798,0
4799,0
4800,0
4801,0
4802,0
4803,0
4818,0
4819,0
4822,0
4823,0
4826,0
4827,0
4828,0
4829,0
4836,0
4837,0
4846,0
4847,0
4860,0
4861,0
4864,0
4865,0
4866,0
4867,0
4876,0
4877,0
4880,0
4881,1000
4882,0
4883,0
4888,0
4889,0
4910,0
4911,0
4912,0
4913,0
4916,0
4917,0
4918,0
4919,0
4922,0
4923,0
4924,0
4925,0
4926,0
4927,0
4928,0
4929,0
4936,0
4937,0
4938,0
4939,0
4940,0
4941,0
4946,0
4947,0
4948,0
4949,0
4956,0
4957,0
4958,0
4959,0
4960,0
4961,0
4966,0
4967,0
4968,0
4969,0
4970,0
4971,0
4984,0
4985,0
4990,0
4991,0
4996,0
4997,0
5004,0
5005,0
5012,0
5013,0
5014,0
5015,0
5016,0
5017,0
5022,0
5023,0
5026,0
5027,0
5034,0
5035,0
5056,0
5057,0
5066,0
5067,0
5068,0
5069,0
5072,0
5073,0
5078,0
5079,0
5086,0
5087,0
5090,0
5091,0
5094,0
5095,0
5098,0
5099,0
5102,0
5103,0
5114,0
5115,0
5118,0
5119,0
5120,0
5121,0
5122,0
5123,0
5128,0
5129,0
5150,0
5151,0
5168,0
5169,0
5170,0
5171,0
5182,0
5183,0
5184,0
5185,0
5192,0
5193,0
5194,0
5195,0
5196,0
5197,0
5198,0
5199,0
5202,0
5203,0
5204,0
5205,0
5208,0
5209,0
5212,0
5213,0
5214,0
5215,0
5224,0
5225,0
5238,0
5239,0
5246,0
5247,0
5250,0
5251,0
5252,0
5253,0
5254,0
5255,0
5258,0
5259,0
5264,0
5265,0
5268,0
5269,0
5274,0
5275,0
5282,0
5283,0
5288,0
5289,0
5290,0
5291,0
5292,0
5293,0
5300,0
5301,0
5308,0
5309,0
5314,0
5315,0
5316,0
5317,0
5322,0
5323,0
5326,0
5327,0
5346,0
5347,0
5352,0
5353,0
5362,0
5363,0
5368,0
5369,0
5372,0
5373,0
5382,0
5383,0
5384,0
5385,0
5386,0
5387,0
5390,0
5391,0
5394,0
5395,0
5398,0
5399,0
5408,0
5409,0
5418,0
5419,0
5420,0
5421,0
5422,0
5423,0
5428,0
5429,0
5430,0
5431,0
5434,0
5435,0
5438,0
5439,0
5444,0
5445,1000
5460,0
5461,0
5462,0
5463,0
5470,0
5471,0
5474,0
5475,0
5478,0
5479,0
5488,0
5489,0
5508,0
5509,0
5520,0
5521,0
5528,0
5529,0
5532,0
5533,0
5536,0
5537,0
5544,0
5545,0
5548,0
5549,0
5554,0
5555,0
5558,0
5559,0
5564,0
5565,0
5566,0
5567,0
5574,0
5575,0
5578,0
5579,0
5580,0
5581,0
5594,0
5595,0
5606,0
5607,0
5610,0
5611,0
5620,0
5621,0
5632,0
5633,0
5634,0
5635,0
5650,0
5651,0
5662,0
5663,0
5670,0
5671,0
5672,0
5673,0
5692,0
5693,0
5700,0
5701,0
5706,0
5707,0
5710,0
5711,0
5718,0
5719,0
5720,0
5721,0
5722,0
5723,0
5724,0
5725,0
5726,0
5727,0
5728,2000
5729,0
5754,0
5755,0
5764,0
5765,0
5770,0
5771,0
5772,0
5773,0
5776,0
5777,0
5778,0
5779,0
5780,0
5781,0
5792,0
5793,0
5794,0
5795,0
5818,0
5819,0
5822,0
5823,0
5830,0
5831,0
5832,0
5833,0
5834,0
5835,0
5840,0
5841,0
5842,0
5843,0
5844,0
5845,0
5850,0
5851,0
5866,0
5867,0
5872,0
5873,0
5876,0
5877,0
5884,0
5885,0
5892,0
5893,0
5896,0
5897,0
5898,0
5899,0
5902,0
5903,0
5908,0
5909,0
5912,0
5913,0
5914,0
5915,0
5920,0
5921,0
5922,0
5923,0
5934,0
5935,0
5938,0
5939,0
5954,0
5955,0
5956,0
5957,0
5958,0
5959,0
5968,0
5969,0
5972,0
5973,0
5976,0
5977,0
5978,0
5979,0
5984,0
5985,0
5994,0
5995,0
6002,0
6003,0
6008,0
6009,0
6012,0
6013,0
6016,0
6017,0
6024,0
6025,0
6036,0
6037,0
6038,0
6039,0
6042,0
6043,0
6068,0
6069,0
6070,0
6071,0
6074,0
6075,0
6076,0
6077,0
6080,0
6081,0
6082,0
6083,0
6086,0
6087,0
6090,0
6091,0
6100,0
6101,0
6106,0
6107,0
6112,0
6113,0
6126,0
6127,0
6132,0
6133,0
6136,0
6137,0
6138,0
6139,0
6142,0
6143,0
6144,0
6145,0
6146,0
6147,0
6154,0
6155,0
6168,0
6169,0
6170,0
6171,0
6176,0
6177,0
6178,0
6179,0
6182,0
6183,0
6198,0
6199,0
6200,0
6201,0
6204,0
6205,0
6206,0
6207,0
6218,0
6219,0
6220,0
6221,0
6224,0
6225,0
6234,0
6235,0
6242,0
6243,0
6248,0
6249,0
6252,0
6253,0
6262,0
6263,0
6278,0
6279,0
6290,0
6291,0
6292,0
6293,0
6304,0
6305,0
6312,0
6313,0
6322,0
6323,0
6338,0
6339,0
6346,0
6347,0
6348,0
6349,0
6358,0
6359,0
6360,0
6361,0
6362,0
6363,0
6370,0
6371,0
6376,0
6377,0
6392,0
6393,0
6400,0
6401,0
6408,0
6409,0
6420,0
6421,0
6424,0
6425,0
6438,0
6439,0
6444,0
6445,0
6446,0
6447,0
6456,0
6457,0
6460,0
6461,0
6464,0
6465,0
6468,0
6469,0
6476,0
6477,0
6478,0
6479,0
6482,0
6483,0
6484,0
6485,0
6504,0
6505,0
6506,0
6507,0
6508,0
6509,0
6532,0
6533,0
6534,0
6535,0
6540,0
6541,0
6544,0
6545,0
6550,0
6551,0
6552,0
6553,0
6562,0
6563,0
6564,0
6565,0
6566,0
6567,0
6572,0
6573,0
6574,0
6575,0
6584,0
6585,0
6588,0
6589,0
6590,0
6591,0
6596,0
6597,0
6598,0
6599,0
6604,0
6605,0
6610,0
6611,0
6614,0
6615,0
6626,0
6627,0
6628,0
6629,0
6630,0
6631,0
6642,0
6643,0
6646,0
6647,0
6652,0
6653,0
6656,0
6657,0
6666,0
6667,0
6670,0
6671,0
6682,0
6683,0
6686,0
6687,0
6702,0
6703,0
6708,0
6709,0
6710,0
6711,0
6716,1000
6717,0
6730,0
6731,0
6736,0
6737,0
6738,0
6739,0
6740,0
6741,0
6754,0
6755,0
6756,0
6757,0
6760,0
6761,0
6764,0
6765,0
6768,0
6769,0
6770,0
6771,0
6772,0
6773,0
6786,0
6787,0
6800,0
6801,0
6806,0
6807,0
6824,0
6825,0
6828,0
6829,0
6830,0
6831,0
6838,0
6839,0
6844,0
6845,0
6846,0
6847,0
6856,0
6857,0
6858,0
6859,1500
6872,0
6873,0
6874,0
6875,0
6876,0
6877,0
6880,0
6881,0
6884,0
6885,0
6896,0
6897,0
6898,0
6899,0
6902,0
6903,0
6904,0
6905,0
6924,0
6925,0
6926,0
6927,0
6932,0
6933,0
6950,0
6951,0
6960,0
6961,0
6964,0
6965,0
6972,0
6973,0
6982,0
6983,0
6988,0
6989,0
6992,0
6993,0
6998,0
6999,0
7008,0
7009,0
7010,0
7011,0
7014,0
7015,0
7020,0
7021,0
7022,0
7023,1500
7032,0
7033,0
7034,0
7035,1500
7038,0
7039,0
7042,0
7043,0
7044,0
7045,0
7046,0
7047,0
7060,0
7061,0
7068,0
7069,0
7072,0
7073,0
7078,0
7079,0
7084,0
7085,1500
7086,0
7087,0
7094,0
7095,0
7102,0
7103,0
7114,0
7115,0
7116,0
7117,0
7122,0
7123,0
7124,0
7125,0
7128,0
7129,0
7136,0
7137,0
7142,0
7143,0
7144,0
7145,0
7152,0
7153,0
7156,0
7157,0
7158,0
7159,0
7160,0
7161,0
7162,0
7163,0
7164,0
7165,0
7166,0
7167,0
7178,0
7179,1500
7180,0
7181,0
7184,0
7185,0
7186,0
7187,0
7192,0
7193,0
7198,0
7199,0
7208,0
7209,0
7218,0
7219,0
7220,0
7221,0
7222,0
7223,0
7228,0
7229,0
7234,0
7235,0
7254,0
7255,0
7256,0
7257,0
7258,0
7259,0
7260,0
7261,0
7264,0
7265,0
7266,0
7267,0
7268,0
7269,0
7272,0
7273,1000
7278,0
7279,0
7280,0
7281,0
7282,0
7283,0
7288,0
7289,0
7298,0
7299,0
7312,0
7313,0
7326,0
7327,0
7334,0
7335,0
7338,0
7339,0
7346,0
7347,1500
7354,0
7355,0
7356,1000
7357,0
7360,0
7361,0
7370,0
7371,0
7372,0
7373,0
7376,0
7377,0
7378,0
7379,0
7382,0
7383,0
7384,0
7385,0
7390,0
7391,0
7392,0
7393,0
7402,0
7403,0
7406,0
7407,0
7416,0
7417,0
7418,0
7419,0
7428,0
7429,0
7430,0
7431,0
7446,0
7447,1500
7450,0
7451,0
7452,0
7453,0
7458,0
7459,0
7460,0
7461,0
7466,0
7467,0
7470,0
7471,0
7478,0
7479,0
7486,0
7487,0
7490,0
7491,0
7500,0
7501,0
7516,0
7517,0
7518,0
7519,0
7522,0
7523,0
7524,0
7525,0
7532,0
7533,0
7544,0
7545,0
7550,1000
7551,0
7556,0
7557,0
7566,0
7567,0
7568,1000
7569,0
7570,0
7571,0
7574,0
7575,0
7588,0
7589,0
7590,0
7591,0
7592,0
7593,0
7612,0
7613,0
7616,0
7617,0
7618,0
7619,0
7624,0
7625,0
7630,0
7631,0
7634,0
7635,0
7642,0
7643,0
7644,0
7645,0
7648,0
7649,0
7660,0
7661,0
7664,1000
7665,0
7666,0
7667,0
7670,0
7671,0
7672,0
7673,0
7674,0
7675,0
7678,0
7679,0
7688,0
7689,0
7690,0
7691,0
7694,0
7695,0
7700,0
7701,0
7702,0
7703,0
7708,0
7709,0
7718,0
7719,1000
7722,0
7723,0
7736,0
7737,0
7740,0
7741,0
7742,0
7743,0
7748,0
7749,0
7754,0
7755,0
7762,0
7763,0
7764,0
7765,0
7770,0
7771,0
7776,0
7777,0
7788,0
7789,0
7800,0
7801,0
7826,0
7827,0
7834,0
7835,0
7838,0
7839,0
7842,0
7843,0
7844,0
7845,0
7848,0
7849,0
7852,0
7853,0
7862,0
7863,0
7870,0
7871,0
7874,0
7875,0
7882,0
7883,0
7886,0
7887,0
7892,0
7893,0
7900,0
7901,0
7906,0
7907,0
7918,0
7919,0
7940,0
7941,0
7944,0
7945,0
7950,0
7951,0
7956,0
7957,0
7960,0
7961,0
7990,0
7991,0
8002,0
8003,0
8004,0
8005,0
8006,0
8007,0
8008,0
8009,0
8016,0
8017,0
8020,0
8021,0
8024,0
8025,0
8028,0
8029,0
8030,0
8031,0
8038,0
8039,0
8050,0
8051,0
8052,0
8053,0
8054,0
8055,0
8056,0
8057,0
8058,0
8059,0
8064,0
8065,0
8070,0
8071,0
8082,0
8083,0
8088,0
8089,0
8092,0
8093,0
8094,0
8095,0
8100,0
8101,0
8106,0
8107,0
8114,0
8115,0
8122,0
8123,0
8138,0
8139,0
8142,0
8143,0
8146,0
8147,0
8154,0
8155,0
8160,0
8161,0
8162,0
8163,0
8166,0
8167,0
8172,0
8173,0
8174,0
8175,0
8176,0
8177,0
8178,0
8179,0
8182,0
8183,0
8190,0
8191,0
8196,0
8197,0
8200,0
8201,0
8204,0
8205,0
8206,0
8207,0
8208,0
8209,0
8218,0
8219,0
8222,0
8223,0
8240,0
8241,0
8246,0
8247,0
8248,0
8249,0
8252,0
8253,0
8254,0
8255,0
8256,0
8257,0
8266,0
8267,0
8272,0
8273,0
8276,0
8277,0
8278,0
8279,0
8282,0
8283,0
8286,0
8287,0
8294,0
8295,0
8308,0
8309,0
8316,0
8317,0
8322,0
8323,0
8326,0
8327,0
8328,0
8329,0
8340,0
8341,0
8342,0
8343,0
8346,0
8347,0
8354,0
8355,0
8358,0
8359,0
8364,0
8365,0
8366,0
8367,0
8386,0
8387,0
8396,0
8397,0
8398,0
8399,0
8400,0
8401,0
8404,0
8405,0
8406,0
8407,0
8408,0
8409,0
8412,0
8413,0
8414,0
8415,0
8418,0
8419,1500
8436,0
8437,0
8444,0
8445,0
8448,0
8449,0
8452,0
8453,0
8454,0
8455,0
8458,0
8459,0
8460,0
8461,0
8464,0
8465,0
8468,0
8469,0
8488,0
8489,0
8492,0
8493,0
8498,0
8499,0
8502,0
8503,1000
8506,0
8507,0
8522,0
8523,0
8526,0
8527,0
8528,0
8529,0
8532,0
8533,0
8534,0
8535,0
8566,0
8567,0
8580,0
8581,0
8582,0
8583,0
8586,0
8587,0
8592,0
8593,0
8596,0
8597,0
8598,0
8599,0
8602,0
8603,0
8624,0
8625,0
8632,0
8633,0
8636,0
8637,0
8640,0
8641,0
8646,0
8647,0
8650,0
8651,0
8654,0
8655,0
8658,0
8659,0
8662,0
8663,0
8664,0
8665,0
8670,0
8671,0
8676,0
8677,0
8678,0
8679,0
8684,0
8685,0
8688,0
8689,0
8690,0
8691,0
8702,0
8703,0
8704,0
8705,0
8708,0
8709,0
8740,0
8741,0
8742,0
8743,0
8746,0
8747,0
8748,0
8749,0
8750,0
8751,0
8754,0
8755,1000
8756,0
8757,0
8760,0
8761,0
8766,0
8767,0
8776,0
8777,0
8786,0
8787,0
8794,0
8795,0
8796,0
8797,0
8800,0
8801,0
8824,0
8825,0
8828,0
8829,1000
8836,0
8837,0
8848,0
8849,0
8852,0
8853,0
8854,0
8855,0
8858,0
8859,0
8866,0
8867,0
8888,0
8889,0
8896,0
8897,0
8908,0
8909,0
8910,0
8911,0
8912,0
8913,0
8916,0
8917,0
8918,0
8919,0
8920,0
8921,0
8922,0
8923,0
8926,0
8927,0
8934,0
8935,0
8940,1000
8941,0
8942,1000
8943,0
8958,0
8959,0
8962,0
8963,0
8964,0
8965,0
8966,0
8967,0
8982,0
8983,0
8986,0
8987,0
8990,0
8991,0
9002,0
9003,0
9018,0
9019,0
9024,0
9025,0
9026,0
9027,0
9042,0
9043,0
9046,0
9047,0
9054,0
9055,0
9056,0
9057,0
9058,0
9059,0
9070,0
9071,0
9080,0
9081,0
9086,0
9087,0
9092,0
9093,0
9094,0
9095,0
9096,0
9097,0
9100,0
9101,0
9104,0
9105,0
9108,0
9109,0
9112,0
9113,0
9124,0
9125,0
9128,0
9129,0
9136,1000
9137,0
9140,0
9141,0
9146,0
9147,0
9154,0
9155,0
9156,0
9157,0
9170,0
9171,0
9176,0
9177,0
9192,0
9193,0
9194,0
9195,0
9202,0
9203,0
9208,0
9209,0
9210,0
9211,0
9212,0
9213,0
9224,0
9225,0
9240,0
9241,0
9246,0
9247,0
9248,0
9249,0
9254,0
9255,0
9260,0
9261,0
9262,0
9263,0
9264,0
9265,0
9266,0
9267,0
9268,0
9269,0
9278,0
9279,0
9284,0
9285,0
9286,0
9287,0
9292,0
9293,0
9294,0
9295,0
9296,0
9297,0
9306,0
9307,0
9312,0
9313,0
9318,0
9319,0
9324,0
9325,0
9330,0
9331,0
9336,0
9337,1000
9340,0
9341,0
9354,0
9355,0
9356,0
9357,0
9358,0
9359,1500
9370,0
9371,0
9382,0
9383,0
9384,0
9385,0
9392,0
9393,0
9394,0
9395,0
9402,0
9403,0
9404,0
9405,0
9406,0
9407,0
9420,0
9421,0
9422,0
9423,0
9424,1000
9425,0
9432,0
9433,0
9438,0
9439,0
9440,0
9441,0
9448,0
9449,0
9466,0
9467,0
9472,0
9473,0
9476,0
9477,0
9482,0
9483,0
9484,0
9485,0
9490,0
9491,0
9492,0
9493,0
9496,0
9497,0
9500,0
9501,0
9510,0
9511,0
9514,0
9515,0
9524,0
9525,1000
9530,0
9531,0
9534,0
9535,0
9544,0
9545,0
9546,0
9547,0
9550,0
9551,0
9564,0
9565,0
9570,0
9571,0
9576,0
9577,0
9578,0
9579,0
9580,0
9581,0
9594,0
9595,0
9598,0
9599,0
9602,0
9603,0
9616,0
9617,1000
9626,0
9627,0
9628,0
9629,0
9634,0
9635,0
9636,0
9637,0
9646,0
9647,0
9662,0
9663,0
9664,0
9665,0
9666,0
9667,0
9672,0
9673,0
9682,0
9683,0
9684,0
9685,0
9690,0
9691,0
9694,0
9695,0
9696,0
9697,0
9700,0
9701,0
9704,0
9705,0
9724,0
9725,0
9726,0
9727,0
9730,0
9731,0
9738,0
9739,0
9750,0
9751,0
9758,0
9759,0
9774,0
9775,0
9790,0
9791,0
9792,0
9793,0
9798,0
9799,0
9800,0
9801,0
9808,0
9809,0
9812,0
9813,0
9814,0
9815,0
9826,0
9827,1500
9828,0
9829,0
9832,0
9833,0
9836,0
9837,0
9840,0
9841,0
9846,0
9847,0
9850,0
9851,0
9854,0
9855,0
9866,0
9867,0
9876,0
9877,0
9882,0
9883,0
9892,0
9893,1000
9903,0
9905,0
9907,0
9909,0
9914,0
9915,0
9922,0
9923,0
9924,0
9925,0
9946,0
9947,0
9950,0
9951,0
9954,0
9955,0
9978,0
9979,0
9986,0
9987,0
9988,0
9989,0
9998,0
9999,0
10004,0
10005,0
10008,0
10009,0
10012,0
10013,0
10018,0
10019,0
10022,0
10023,0
10028,0
10029,0
10030,0
10031,0
10036,0
10037,0
10038,0
10039,0
10042,0
10043,0
10048,0
10049,0
10050,0
10051,0
10060,0
10061,0
10070,0
10071,0
10076,0
10077,0
10080,0
10081,0
10084,0
10085,0
10086,0
10087,0
10092,0
10093,0
10100,0
10101,0
10106,0
10107,0
10112,0
10113,0
10116,0
10117,0
10124,0
10125,0
10128,0
10129,0
10130,0
10131,0
10136,0
10137,0
10146,0
10147,0
10150,0
10151,0
10152,0
10153,0
10154,0
10155,0
10170,0
10171,0
10174,0
10175,0
10176,0
10177,0
10190,0
10191,0
10192,0
10193,0
10202,0
10203,0
10206,0
10207,0
10212,0
10213,0
10216,0
10217,0
10220,0
10221,0
10228,0
10229,0
10230,0
10231,0
10238,0
10239,0
10244,0
10245,0
10264,0
10265,0
10268,0
10269,0
10270,0
10271,0
10276,0
10277,0
10278,0
10279,0
10280,0
10281,0
10284,0
10285,0
10298,0
10299,0
10312,0
10313,0
10314,0
10315,0
10320,0
10321,0
10326,0
10327,0
10336,0
10337,0
10342,0
10343,0
10348,0
10349,0
10360,0
10361,0
10362,0
10363,0
10364,0
10365,0
10370,0
10371,0
10386,0
10387,0
10400,0
10401,0
10402,0
10403,0
10414,0
10415,0
10428,0
10429,0
10430,0
10431,0
10432,0
10433,0
10434,0
10435,0
10436,0
10437,0
10442,0
10443,0
10446,0
10447,0
10448,0
10449,0
10460,0
10461,0
10472,0
10473,0
10474,0
10475,0
10478,0
10479,0
10480,0
10481,0
10484,0
10485,0
10494,0
10495,0
10500,0
10501,0
10502,0
10503,0
10510,0
10511,0
10512,0
10513,0
10516,0
10517,0
10520,0
10521,0
10526,0
10527,0
10528,0
10529,0
10530,0
10531,0
10532,0
10533,0
10536,0
10537,0
10540,0
10541,0
10542,0
10543,0
10544,0
10545,0
10546,0
10547,0
10550,0
10551,0
10560,0
10561,0
10562,0
10563,0
10576,0
10577,0
10592,0
10593,0
10594,0
10595,0
10596,0
10597,0
10598,0
10599,0
10600,0
10601,0
10602,0
10603,0
10604,0
10605,0
10606,0
10607,0
10612,0
10613,0
10614,0
10615,0
10622,0
10623,0
10628,0
10629,0
10644,0
10645,0
10646,0
10647,0
10658,0
10659,0
10662,0
10663,0
10664,0
10665,0
10676,0
10677,0
10678,0
10679,0
10686,0
10687,0
10696,0
10697,0
10706,0
10707,0
10714,0
10715,0
10722,0
10723,0
10726,0
10727,0
10728,0
10729,0
10732,0
10733,0
10736,0
10737,0
10762,0
10763,0
10772,0
10773,0
10776,0
10777,0
10780,0
10781,0
10790,0
10791,0
10792,0
10793,0
10796,0
10797,0
10802,0
10803,0
10808,0
10809,0
10810,0
10811,0
10812,0
10813,0
10816,0
10817,0
10818,0
10819,0
10820,0
10821,0
10824,0
10825,0
10832,0
10833,0
10840,0
10841,0
10842,0
10843,0
10844,0
10845,0
10848,0
10849,0
10850,0
10851,0
10852,0
10853,0
10854,0
10855,0
10858,0
10859,0
10862,0
10863,0
10864,0
10865,0
10878,0
10879,0
10880,0
10881,0
10886,0
10887,0
10888,0
10889,0
10890,0
10891,0
10892,0
10893,0
10894,0
10895,0
10898,0
10899,0
10902,0
10903,0
10910,0
10911,0
10916,0
10917,0
10926,0
10927,0
10928,0
10929,0
10936,0
10937,0
10938,0
10939,0
10942,0
10943,0
10948,0
10949,0
10954,0
10955,0
10956,0
10957,0
10958,0
10959,0
10962,0
10963,0
10988,0
10989,0
11010,0
11011,0
11014,0
11015,0
11020,0
11021,0
11024,0
11025,0
11032,0
11033,0
11036,0
11037,0
11038,0
11039,0
11048,0
11049,0
11058,0
11059,0
11062,0
11063,0
11072,0
11073,0
11090,0
11091,0
11106,0
11107,0
11114,0
11115,0
11116,0
11117,0
11120,0
11121,0
11124,0
11125,0
11126,0
11127,0
11136,0
11137,0
11156,0
11157,0
11164,0
11165,0
11166,0
11167,0
11172,0
11173,0
11176,0
11177,0
11190,0
11191,0
11194,0
11195,0
11200,0
11201,0
11202,0
11203,0
11206,0
11207,0
11220,0
11221,0
11228,0
11229,0
11234,0
11235,0
11238,0
11239,0
11242,0
11243,0
11246,0
11247,0
11248,0
11249,0
11252,0
11253,0
11254,0
11255,0
11256,0
11257,0
11260,0
11261,0
11270,0
11271,0
11274,0
11275,0
11278,0
11279,0
11280,0
11281,0
11284,0
11285,0
11286,0
11287,0
11290,0
11291,0
11292,0
11293,0
11296,0
11297,0
11302,0
11303,0
11316,0
11317,0
11340,0
11341,0
11344,0
11345,0
11350,0
11351,0
11352,0
11353,0
11364,0
11365,0
11370,0
11371,0
11372,0
11373,0
11374,0
11375,0
11384,0
11385,0
11386,0
11387,0
11388,0
11389,0
11392,0
11393,0
11400,0
11401,0
11412,0
11413,0
11418,0
11419,0
11420,0
11421,0
11428,0
11429,0
11446,0
11447,0
11448,0
11449,0
11450,0
11451,0
11454,0
11455,0
11458,0
11459,0
11466,0
11467,0
11468,0
11469,0
11482,0
11483,0
11484,0
11485,0
11492,0
11493,0
11504,0
11505,0
11506,0
11507,0
11508,0
11509,0
11512,0
11513,0
11514,0
11515,0
11520,0
11521,0
11524,0
11525,0
11526,0
11527,0
11538,0
11539,0
11552,0
11553,0
11554,0
11555,0
11560,0
11561,0
11562,0
11563,0
11564,0
11565,0
11572,0
11573,0
11574,0
11575,0
11576,0
11577,0
11578,0
11579,0
11582,0
11583,0
11588,0
11589,0
11590,0
11591,0
11608,0
11609,0
11610,0
11611,0
11616,0
11617,0
11618,0
11619,0
11620,0
11621,0
11622,0
11623,0
11642,0
11643,0
11646,0
11647,0
11662,0
11663,0
11668,0
11669,0
11672,0
11673,0
11676,0
11677,0
11696,0
11697,0
11700,0
11701,0
11702,0
11703,0
11706,0
11707,0
11710,0
11711,0
11716,0
11717,0
11720,0
11721,0
11726,0
11727,0
11736,0
11737,0
11742,0
11743,0
11744,0
11745,0
11746,0
11747,0
11756,0
11757,0
11766,0
11767,0
11768,0
11769,0
11782,0
11783,0
11786,0
11787,0
11796,0
11797,0
11800,0
11801,0
11804,0
11805,0
11808,0
11809,0
11812,0
11813,0
11818,0
11819,0
11832,0
11833,0
11838,0
11839,0
11840,0
11841,0
11842,0
11843,0
11846,0
11847,0
11850,0
11851,0
11854,0
11855,0
11856,0
11857,0
11862,0
11863,0
11864,0
11865,0
11870,0
11871,0
11876,0
11877,0
11882,0
11883,0
11886,0
11887,0
11892,0
11893,0
11906,0
11907,0
11908,0
11909,0
11910,0
11911,0
11914,0
11915,0
11916,0
11917,0
11920,0
11921,0
11922,0
11923,0
11924,0
11925,0
11928,0
11929,0
11930,0
11931,0
11936,0
11937,0
11938,0
11939,0
11944,0
11945,0
11958,0
11959,0
11970,0
11971,0
11988,0
11989,0
11992,0
11993,0
11996,0
11997,0
11998,0
11999,0
12000,0
12001,0
12012,0
12013,0
12026,0
12027,0
12028,0
12029,0
12032,0
12033,0
12036,0
12037,0
12044,0
12045,0
12052,0
12053,0
12056,0
12057,0
12060,0
12061,0
12062,0
12063,0
12066,0
12067,0
12070,0
12071,0
12076,0
12077,0
12080,0
12081,0
12084,0
12085,0
12088,0
12089,0
12090,0
12091,0
12092,0
12093,0
12102,0
12103,0
12110,0
12111,0
12116,0
12117,0
12120,0
12121,0
12132,0
12133,0
12134,0
12135,0
12136,0
12137,0
12138,0
12139,0
12154,0
12155,0
12164,0
12165,0
12166,0
12167,0
12172,0
12173,0
12180,0
12181,0
12190,0
12191,0
12194,0
12195,0
12196,0
12197,0
12200,0
12201,0
12208,0
12209,0
12210,0
12211,0
12220,0
12221,0
12222,0
12223,0
12224,0
12225,0
12226,0
12227,0
12234,0
12235,0
12258,0
12259,0
12270,0
12271,0
12274,0
12275,0
12276,0
12277,0
12292,0
12293,0
12302,0
12303,0
12304,0
12305,0
12308,0
12309,0
12316,0
12317,0
12320,0
12321,0
12322,0
12323,0
12326,0
12327,0
12328,0
12329,0
12334,0
12335,0
12336,0
12337,0
12340,0
12341,0
12342,0
12343,0
12346,0
12347,0
12348,0
12349,0
12354,0
12355,0
12366,0
12367,0
12368,0
12369,0
12372,0
12373,0
12378,0
12379,0
12384,0
12385,0
12388,0
12389,0
12390,0
12391,0
12392,0
12393,0
12394,0
12395,0
12414,0
12415,0
12416,0
12417,0
12422,0
12423,0
12424,0
12425,0
12428,0
12429,0
12434,0
12435,0
12442,0
12443,0
12454,0
12455,0
12456,0
12457,0
12460,0
12461,0
12462,0
12463,0
12474,0
12475,0
12486,0
12487,0
12498,0
12499,0
12502,0
12503,0
12506,0
12507,0
12510,0
12511,0
12516,0
12517,0
12520,0
12521,0
12522,0
12523,0
12528,0
12529,0
12536,0
12537,0
12538,0
12539,0
12540,0
12541,0
12550,0
12551,0
12558,0
12559,0
12568,0
12569,0
12570,0
12571,0
12580,0
12581,0
12590,0
12591,0
12598,0
12599,0
12600,0
12601,0
12606,0
12607,0
12608,0
12609,0
12614,0
12615,0
12616,0
12617,0
12620,0
12621,0
12622,0
12623,0
12626,0
12627,0
12630,0
12631,0
12638,0
12639,0
12648,0
12649,0
12658,0
12659,0
12660,0
12661,0
12664,0
12665,0
12674,0
12675,0
12678,0
12679,0
12680,0
12681,0
12682,0
12683,0
12686,0
12687,0
12688,0
12689,0
12692,0
12693,0
12698,0
12699,0
12704,0
12705,0
12716,0
12717,0
12722,0
12723,0
12734,0
12735,0
12736,0
12737,0
12738,0
12739,0
12748,0
12749,0
12750,0
12751,0
12760,0
12761,0
12762,0
12763,0
12768,0
12769,0
12770,0
12771,0
12778,0
12779,0
12784,0
12785,0
12786,0
12787,0
12788,0
12789,0
12790,0
12791,0
12796,0
12797,0
12806,0
12807,0
12828,0
12829,0
12830,0
12831,0
12832,0
12833,0
12834,0
12835,0
12836,0
12837,0
12838,0
12839,0
12848,0
12849,0
12856,0
12857,0
12874,0
12875,0
12878,0
12879,0
12882,0
12883,0
12888,0
12889,0
12896,0
12897,0
12910,0
12911,0
12914,0
12915,0
12920,0
12921,0
12930,0
12931,0
12936,0
12937,0
12942,0
12943,0
12944,0
12945,0
12946,0
12947,0
12948,0
12949,0
12960,0
12961,0
12964,0
12965,0
12970,0
12971,0
12972,0
12973,0
12982,0
12983,0
12984,0
12985,0
12986,0
12987,0
12990,0
12991,0
12994,0
12995,0
13000,0
13001,0
13004,0
13005,0
13006,0
13007,0
13008,0
13009,0
13010,0
13011,0
13016,0
13017,0
13018,0
13019,0
13022,0
13023,0
13024,0
13025,0
13044,0
13045,0
13056,0
13057,0
13064,0
13065,0
13066,0
13067,0
13070,0
13071,0
13072,0
13073,0
13076,0
13077,0
13080,0
13081,0
13082,0
13083,0
13084,0
13085,0
13112,0
13113,0
13114,0
13115,0
13118,0
13119,0
13122,0
13123,0
13142,0
13143,0
13152,0
13153,0
13154,0
13155,0
13166,0
13167,0
13178,0
13179,0
13184,0
13185,0
13186,0
13187,0
13204,0
13205,0
13210,0
13211,0
13226,0
13227,0
13228,0
13229,0
13230,0
13231,0
13234,0
13235,0
13238,0
13239,0
13248,0
13249,0
13260,0
13261,0
13264,0
13265,0
13266,0
13267,0
13268,0
13269,0
13278,0
13279,0
13280,0
13281,0
13290,0
13291,0
13294,0
13295,0
13310,0
13311,0
13328,0
13329,0
13340,0
13341,0
13346,0
13347,0
13354,0
13355,0
13368,0
13369,0
13370,0
13371,0
13374,0
13375,0
13378,0
13379,0
13380,0
13381,0
13386,0
13387,0
13390,0
13391,0
13394,0
13395,0
13412,0
13413,0
13426,0
13427,0
13428,0
13429,0
13436,0
13437,0
13438,0
13439,1500
13446,0
13447,0
13458,0
13459,0
13462,0
13463,0
13464,0
13465,0
13470,0
13471,0
13474,0
13475,0
13484,0
13485,0
13488,0
13489,0
13498,0
13499,0
13502,0
13503,0
13506,0
13507,0
13512,0
13513,0
13520,0
13521,0
13522,0
13523,0
13528,0
13529,0
13530,0
13531,0
13532,0
13533,0
13536,0
13537,0
13538,0
13539,0
13540,0
13541,0
13542,0
13543,0
13556,0
13557,0
13560,0
13561,0
13568,0
13569,0
13572,0
13573,0
13588,0
13589,0
13590,0
13591,0
13594,0
13595,0
13604,0
13605,0
13606,0
13607,0
13618,0
13619,0
13624,0
13625,0
13632,0
13633,0
13640,0
13641,0
13642,0
13643,0
13648,0
13649,0
13654,0
13655,0
13656,0
13657,0
13658,0
13659,0
13662,0
13663,0
13674,0
13675,0
13680,0
13681,0
13686,0
13687,0
13688,0
13689,0
13696,0
13697,0
13724,0
13725,0
13726,0
13727,0
13730,0
13731,0
13734,0
13735,0
13742,0
13743,0
13746,0
13747,0
13768,0
13769,0
13770,0
13771,0
13772,0
13773,0
13778,0
13779,0
13780,0
13781,0
13784,0
13785,0
13790,0
13791,0
13794,0
13795,0
13800,0
13801,0
13802,0
13803,0
13806,0
13807,0
13808,0
13809,0
13812,0
13813,0
13842,0
13843,0
13848,0
13849,0
13862,0
13863,0
13864,0
13865,0
13866,0
13867,0
13870,0
13871,0
13874,0
13875,0
13892,0
13893,0
13902,0
13903,0
13906,0
13907,0
13908,0
13909,0
13912,0
13913,0
13914,0
13915,0
13918,0
13919,0
13922,0
13923,0
13926,0
13927,0
13936,0
13937,0
13940,0
13941,0
13944,0
13945,0
13956,0
13957,0
13962,0
13963,0
13968,0
13969,0
13970,0
13971,0
13972,0
13973,0
13974,0
13975,0
13990,0
13991,0
13992,0
13993,0
13994,0
13995,0
13996,0
13997,0
13998,0
13999,0
14002,0
14003,0
14004,0
14005,0
14008,0
14009,0
14010,0
14011,0
14012,0
14013,0
14014,0
14015,0
14018,0
14019,0
14034,0
14035,0
14038,0
14039,0
14048,0
14049,0
14054,0
14055,0
14062,0
14063,0
14070,0
14071,0
14078,0
14079,0
14080,0
14081,0
14082,0
14083,0
14094,0
14095,0
14100,0
14101,0
14102,0
14103,0
14108,0
14109,0
14110,0
14111,0
14112,0
14113,0
14122,0
14123,0
14126,0
14127,0
14130,0
14131,0
14170,0
14171,0
14178,0
14179,0
14192,0
14193,0
14210,0
14211,0
14226,0
14227,0
14228,0
14229,0
14232,0
14233,0
14234,0
14235,0
14240,0
14241,0
14244,0
14245,0
14256,0
14257,0
14262,0
14263,0
14268,0
14269,0
14270,0
14271,0
14272,0
14273,0
14278,0
14279,0
14282,0
14283,0
14284,0
14285,0
14288,0
14289,0
14306,0
14307,0
14308,0
14309,0
14326,0
14327,0
14332,0
14333,0
14334,0
14335,0
14338,0
14339,0
14342,0
14343,0
14356,0
14357,0
14358,0
14359,0
14366,0
14367,0
14378,0
14379,0
14380,0
14381,0
14388,0
14389,0
14390,0
14391,0
14394,0
14395,0
14404,0
14405,0
14408,0
14409,0
14418,0
14419,0
14430,0
14431,0
14436,0
14437,0
14440,0
14441,0
14442,0
14443,0
14444,0
14445,0
14456,0
14457,0
14462,0
14463,0
14464,0
14465,0
14468,0
14469,0
14474,0
14475,0
14478,0
14479,0
14480,0
14481,0
14488,0
14489,0
14518,0
14519,0
14520,0
14521,0
14524,0
14525,0
14526,0
14527,0
14540,0
14541,0
14542,0
14543,0
14548,0
14549,0
14550,0
14551,0
14574,0
14575,0
14576,0
14577,0
14590,0
14591,0
14594,0
14595,0
14596,0
14597,0
14608,0
14609,0
14610,0
14611,0
14614,0
14615,0
14622,0
14623,0
14626,0
14627,0
14634,0
14635,0
14638,0
14639,0
14640,0
14641,0
14644,0
14645,0
14646,0
14647,0
14648,0
14649,0
14654,0
14655,0
14656,0
14657,0
14666,0
14667,0
14672,0
14673,0
14674,0
14675,0
14676,0
14677,0
14678,0
14679,0
14682,0
14683,0
14686,0
14687,0
14688,0
14689,0
14690,0
14691,0
14692,0
14693,0
14700,0
14701,0
14702,0
14703,0
14714,0
14715,0
14720,0
14721,0
14722,0
14723,0
14734,0
14735,0
14736,0
14737,0
14748,0
14749,0
14750,0
14751,0
14768,0
14769,0
14770,0
14771,0
14776,0
14777,0
14790,0
14791,0
14792,0
14793,0
14796,0
14797,0
14800,0
14801,0
14806,0
14807,0
14808,0
14809,0
14822,0
14823,0
14840,0
14841,0
14844,0
14845,0
14846,0
14847,0
14848,0
14849,0
14852,0
14853,0
14866,0
14867,0
14868,0
14869,0
14872,0
14873,0
14874,0
14875,0
14876,0
14877,0
14884,0
14885,0
14892,0
14893,0
14912,0
14913,0
14916,0
14917,0
14918,0
14919,0
14920,0
14921,0
14946,0
14947,0
14952,0
14953,0
14954,0
14955,0
14958,0
14959,0
14962,0
14963,0
14964,0
14965,0
14968,0
14969,0
14984,0
14985,0
14992,0
14993,0
14994,0
14995,0
14996,0
14997,0
15000,0
15001,0
15004,0
15005,0
15006,0
15007,0
15010,0
15011,0
15014,0
15015,0
15016,0
15017,0
15018,0
15019,0
15028,0
15029,0
15036,0
15037,0
15038,0
15039,0
15040,0
15041,0
15054,0
15055,0
15058,0
15059,0
15062,0
15063,0
15064,0
15065,0
15066,0
15067,0
15068,0
15069,0
15072,0
15073,0
15078,0
15079,0
15080,0
15081,0
15088,0
15089,0
15090,0
15091,0
15100,0
15101,0
15104,0
15105,0
15108,0
15109,0
15112,0
15113,0
15114,0
15115,0
15130,0
15131,0
15132,0
15133,0
15138,0
15139,0
15144,0
15145,0
15152,0
15153,0
15158,0
15159,0
15160,0
15161,0
15164,0
15165,0
15168,0
15169,0
15184,0
15185,0
15190,0
15191,0
15194,0
15195,0
15200,0
15201,0
15202,0
15203,0
15206,0
15207,0
15210,0
15211,0
15214,0
15215,0
15220,0
15221,0
15222,0
15223,0
15228,0
15229,0
15234,0
15235,0
15236,0
15237,0
15240,0
15241,0
15242,0
15243,0
15252,0
15253,0
15254,0
15255,0
15260,0
15261,0
15264,0
15265,0
15272,0
15273,0
15280,0
15281,0
15286,0
15287,0
15288,0
15289,0
15292,0
15293,0
15294,0
15295,0
15296,0
15297,0
15298,0
15299,0
15300,0
15301,0
15306,0
15307,0
15310,0
15311,0
15318,0
15319,0
15320,0
15321,0
15322,0
15323,0
15324,0
15325,0
15330,0
15331,0
15332,0
15333,0
15334,0
15335,0
15336,0
15337,0
15338,0
15339,0
15350,0
15351,0
15356,0
15357,0
15360,0
15361,0
15372,0
15373,0
15378,0
15379,0
15382,0
15383,0
15394,0
15395,0
15396,0
15397,0
15398,0
15399,0
15414,0
15415,0
15418,0
15419,0
15420,0
15421,0
15426,0
15427,0
15430,0
15431,0
15432,0
15433,0
15444,0
15445,0
15450,0
15451,0
15454,0
15455,0
15458,0
15459,0
15462,0
15463,0
15466,0
15467,0
15480,0
15481,0
15484,0
15485,0
15488,0
15489,0
15494,0
15495,0
15508,0
15509,0
15516,0
15517,0
15522,0
15523,0
15526,0
15527,0
15534,0
15535,0
15546,0
15547,0
15556,0
15557,0
15572,0
15573,0
15576,0
15577,0
15584,0
15585,0
15600,0
15601,0
15604,0
15605,0
15614,0
15615,0
15620,0
15621,0
15622,0
15623,0
15628,0
15629,0
15630,0
15631,0
15638,0
15639,0
15646,0
15647,0
15654,0
15655,0
15660,0
15661,0
15674,0
15675,0
15676,0
15677,0
15678,0
15679,0
15680,0
15681,0
15690,0
15691,0
15704,0
15705,0
15706,0
15707,0
15710,0
15711,0
15720,0
15721,0
15724,0
15725,0
15726,0
15727,0
15732,0
15733,0
15742,0
15743,0
15744,0
15745,0
15758,0
15759,0
15784,0
15785,0
15790,0
15791,0
15808,0
15809,0
15820,0
15821,0
15822,0
15823,0
15826,0
15827,0
15832,0
15833,0
15846,0
15847,0
15848,0
15849,0
15850,0
15851,0
15852,0
15853,0
15856,0
15857,0
15862,0
15863,0
15864,0
15865,0
15886,0
15887,0
15892,0
15893,0
15898,0
15899,0
15900,0
15901,0
15914,0
15915,0
15916,0
15917,0
15928,0
15929,0
15932,0
15933,0
15934,0
15935,0
15936,0
15937,0
15940,0
15941,0
15946,0
15947,0
15948,0
15949,0
15952,0
15953,0
15954,0
15955,0
15964,0
15965,0
15968,0
15969,0
15970,0
15971,0
15980,0
15981,0
16004,0
16005,0
16008,0
16009,0
16030,0
16031,0
16038,0
16039,0
16040,0
16041,0
16058,0
16059,0
16068,0
16069,0
16072,0
16073,0
16074,0
16075,0
16080,0
16081,0
16086,0
16087,0
16088,0
16089,0
16090,0
16091,0
16094,0
16095,0
16110,0
16111,0
16132,0
16133,0
16136,0
16137,0
16140,0
16141,0
16148,0
16149,0
16150,0
16151,0
16152,0
16153,0
16168,0
16169,0
16172,0
16173,0
16190,0
16191,0
16192,0
16193,0
16198,0
16199,0
16208,0
16209,0
16212,0
16213,0
16216,0
16217,0
16226,0
16227,0
16238,0
16239,0
16246,0
16247,0
16248,0
16249,0
16250,0
16251,0
16254,0
16255,0
16258,0
16259,0
16260,0
16261,0
16268,0
16269,0
16272,0
16273,0
16274,0
16275,0
16276,0
16277,0
16282,0
16283,0
16284,0
16285,0
16286,0
16287,0
16292,0
16293,0
16294,0
16295,0
16296,0
16297,0
16314,0
16315,0
16320,0
16321,0
16322,0
16323,0
16326,0
16327,0
16330,0
16331,0
16338,0
16339,0
16350,0
16351,0
16352,0
16353,0
16354,0
16355,0
16368,0
16369,0
16372,0
16373,0
16378,0
16379,0
16390,0
16391,0
16394,0
16395,0
16396,0
16397,0
16408,0
16409,0
16410,0
16411,0
16422,0
16423,0
16432,0
16433,0
16472,0
16473,0
16474,0
16475,0
16490,0
16491,0
16496,0
16497,0
16502,0
16503,0
16504,0
16505,0
16508,0
16509,0
16526,0
16527,0
16530,0
16531,0
16534,0
16535,0
16536,0
16537,0
16544,0
16545,0
16552,0
16553,0
16560,0
16561,0
16564,0
16565,0
16566,0
16567,0
16572,0
16573,0
16574,0
16575,0
16582,0
16583,0
16586,0
16587,0
16594,0
16595,0
16602,0
16603,0
16618,0
16619,0
16628,0
16629,0
16642,0
16643,0
16644,0
16645,0
16660,0
16661,0
16664,0
16665,0
16666,0
16667,0
16682,0
16683,0
16686,0
16687,0
16692,0
16693,0
16698,0
16699,0
16700,0
16701,0
16704,0
16705,0
16708,0
16709,0
16712,0
16713,0
16724,0
16725,0
16726,0
16727,0
16730,0
16731,0
16740,0
16741,0
16746,0
16747,0
16756,0
16757,0
16762,0
16763,0
16768,0
16769,0
16778,0
16779,0
16784,0
16785,0
16800,0
16801,0
16808,0
16809,0
16816,0
16817,0
16834,0
16835,0
16838,0
16839,0
16840,0
16841,0
16846,0
16847,0
16850,0
16851,0
16852,0
16853,0
16858,0
16859,0
16862,0
16863,0
16864,0
16865,0
16876,0
16877,0
16882,0
16883,0
16892,0
16893,0
16894,0
16895,0
16902,0
16903,0
16906,0
16907,0
16908,0
16909,0
16910,0
16911,0
16914,0
16915,0
16920,0
16921,0
16922,0
16923,0
16926,0
16927,0
16942,0
16943,0
16956,0
16957,0
16970,0
16971,0
16976,0
16977,0
16988,0
16989,0
16998,0
16999,0
17000,0
17001,0
17008,0
17009,0
17010,0
17011,0
17012,0
17013,0
17020,0
17021,0
17022,0
17023,0
17024,0
17025,0
17028,0
17029,0
17036,0
17037,0
17042,0
17043,0
17046,0
17047,0
17066,0
17067,0
17080,0
17081,0
17082,0
17083,0
17084,0
17085,0
17088,0
17089,0
17092,0
17093,0
17096,0
17097,0
17108,0
17109,0
17110,0
17111,0
17112,0
17113,0
17124,0
17125,0
17130,0
17131,0
17132,0
17133,0
17134,0
17135,0
17136,0
17137,0
17138,0
17139,0
17144,0
17145,0
17146,0
17147,0
17156,0
17157,0
17158,0
17159,0
17172,0
17173,0
17176,0
17177,0
17184,0
17185,0
17186,0
17187,0
17192,0
17193,0
17194,0
17195,0
17196,0
17197,0
17198,0
17199,0
17206,0
17207,0
17212,0
17213,0
17214,0
17215,0
17216,0
17217,0
17222,0
17223,0
17226,0
17227,0
17228,0
17229,0
17234,0
17235,0
17238,0
17239,0
17250,0
17251,0
17260,0
17261,0
17262,0
17263,0
17264,0
17265,0
17268,0
17269,0
17280,0
17281,0
17282,0
17283,0
17286,0
17287,0
17294,0
17295,0
17298,0
17299,0
17308,0
17309,0
17316,0
17317,0
17320,0
17321,0
17326,0
17327,0
17328,0
17329,0
17330,0
17331,0
17340,0
17341,0
17348,0
17349,0
17352,0
17353,0
17360,0
17361,0
17376,0
17377,0
17378,0
17379,0
17388,0
17389,0
17396,0
17397,0
17404,0
17405,0
17414,0
17415,0
17420,0
17421,0
17426,0
17427,0
17430,0
17431,0
17442,0
17443,0
17444,0
17445,0
17446,0
17447,0
17448,0
17449,0
17450,0
17451,0
17452,0
17453,0
17458,0
17459,0
17464,0
17465,0
17468,0
17469,0
17470,0
17471,0
17472,0
17473,0
17480,0
17481,0
17492,0
17493,0
17498,0
17499,0
17506,0
17507,0
17510,0
17511,0
17518,0
17519,0
17522,0
17523,0
17530,0
17531,0
17536,0
17537,0
17542,0
17543,0
17546,0
17547,0
17548,0
17549,0
17550,0
17551,0
17552,0
17553,0
17554,0
17555,0
17556,0
17557,0
17560,0
17561,0
17566,0
17567,0
17570,0
17571,0
17572,0
17573,0
17578,0
17579,0
17580,0
17581,0
17590,0
17591,0
17592,0
17593,0
17594,0
17595,0
17598,0
17599,0
17602,0
17603,0
17604,0
17605,0
17606,0
17607,0
17608,0
17609,0
17612,0
17613,0
17616,0
17617,0
17620,0
17621,0
17632,0
17633,0
17642,0
17643,0
17650,0
17651,0
17652,0
17653,0
17656,0
17657,0
17658,0
17659,0
17664,0
17665,0
17676,0
17677,0
17680,0
17681,0
17682,0
17683,2000
17684,0
17685,0
17688,0
17689,0
17692,0
17693,0
17694,0
17695,0
17696,0
17697,0
17704,0
17705,0
17712,0
17713,0
17714,0
17715,0
17738,0
17739,0
17742,0
17743,0
17750,0
17751,0
17758,0
17759,0
17762,0
17763,0
17768,0
17769,0
17772,0
17773,0
17774,0
17775,0
17776,0
17777,0
17778,0
17779,0
17782,0
17783,0
17790,0
17791,0
17792,0
17793,0
17800,0
17801,0
17804,0
17805,0
17806,0
17807,0
17812,0
17813,0
17816,0
17817,0
17820,0
17821,0
17830,0
17831,0
17836,0
17837,0
17844,0
17845,0
17862,0
17863,0
17874,0
17875,0
17878,0
17879,0
17886,0
17887,0
17890,0
17891,0
17892,0
17893,0
17896,0
17897,0
17902,0
17903,0
17926,0
17927,0
17934,0
17935,0
17946,0
17947,0
17952,0
17953,0
17954,0
17955,0
17958,0
17959,0
17960,0
17961,0
17972,0
17973,0
17980,0
17981,0
17992,0
17993,0
17998,0
17999,0
18006,0
18007,0
18014,0
18015,0
18050,0
18051,0
18054,0
18055,0
18062,0
18063,0
18082,0
18083,0
18086,0
18087,0
18088,0
18089,0
18090,0
18091,0
18102,0
18103,0
18106,0
18107,0
18108,0
18109,0
18114,0
18115,0
18116,0
18117,0
18126,0
18127,0
18128,0
18129,0
18132,0
18133,0
18138,0
18139,0
18146,0
18147,0
18158,0
18159,0
18170,0
18171,0
18182,0
18183,0
18186,0
18187,0
18202,0
18203,0
18204,0
18205,0
18206,0
18207,0
18212,0
18213,0
18216,0
18217,0
18220,0
18221,0
18228,0
18229,0
18240,0
18241,0
18254,0
18255,0
18274,0
18275,0
18276,0
18277,0
18280,0
18281,0
18282,0
18283,0
18290,0
18291,0
18298,0
18299,0
18312,0
18313,0
18314,0
18315,0
18320,0
18321,0
18324,0
18325,0
18326,0
18327,0
18332,0
18333,0
18340,0
18341,0
18350,0
18351,0
18352,0
18353,0
18368,0
18369,0
18372,0
18373,0
18380,0
18381,0
18394,0
18395,0
18398,0
18399,0
18410,0
18411,0
18424,0
18425,0
18430,0
18431,0
18432,0
18433,0
18448,0
18449,0
18450,0
18451,0
18456,0
18457,0
18458,0
18459,0
18464,0
18465,0
18468,0
18469,0
18472,0
18473,0
18480,0
18481,0
18486,0
18487,0
18488,0
18489,0
18500,0
18501,0
18502,0
18503,0
18508,0
18509,0
18510,0
18511,0
18514,0
18515,0
18516,0
18517,0
18526,0
18527,0
18530,0
18531,0
18548,0
18549,0
18556,0
18557,0
18580,0
18581,0
18590,0
18591,0
18596,0
18597,0
18598,0
18599,0
18602,0
18603,0
18610,0
18611,0
18612,0
18613,0
18614,0
18615,0
18616,0
18617,0
18630,0
18631,0
18634,0
18635,0
18638,0
18639,0
18660,0
18661,0
18662,0
18663,0
18666,0
18667,0
18672,0
18673,0
18678,0
18679,0
18694,0
18695,0
18706,0
18707,0
18708,0
18709,0
18714,0
18715,0
18718,0
18719,0
18724,0
18725,0
18730,0
18731,0
18732,0
18733,0
18744,0
18745,0
18746,0
18747,0
18748,0
18749,0
18750,0
18751,0
18752,0
18753,0
18760,0
18761,0
18768,0
18769,0
18776,0
18777,0
18782,0
18783,0
18788,0
18789,0
18804,0
18805,0
18808,0
18809,0
18816,0
18817,0
18818,0
18819,0
18826,0
18827,0
18830,0
18831,0
18834,0
18835,0
18842,0
18843,0
18848,0
18849,0
18856,0
18857,0
18858,0
18859,0
18868,0
18869,0
18870,0
18871,0
18874,0
18875,0
18876,0
18877,0
18884,0
18885,0
18886,0
18887,0
18888,0
18889,0
18894,0
18895,0
18898,0
18899,0
18900,0
18901,0
18902,0
18903,0
18904,0
18905,0
18916,0
18917,0
18930,0
18931,0
18932,0
18933,0
18946,0
18947,0
18952,0
18953,0
18958,0
18959,0
18962,0
18963,0
18968,0
18969,0
18978,0
18979,0
18980,0
18981,0
18990,0
18991,0
18998,0
18999,0
19002,0
19003,0
19004,0
19005,0
19014,0
19015,0
19016,0
19017,0
19034,0
19035,0
19054,0
19055,0
19068,0
19069,0
19072,0
19073,0
19078,0
19079,0
19080,0
19081,0
19086,0
19087,0
19088,0
19089,0
19090,0
19091,0
19092,0
19093,0
19094,0
19095,0
19096,0
19097,0
19112,0
19113,0
19114,0
19115,0
19128,0
19129,0
19132,0
19133,0
19156,0
19157,0
19158,0
19159,0
19160,0
19161,0
19162,0
19163,0
19164,0
19165,0
19172,0
19173,0
19174,0
19175,0
19176,0
19177,0
19178,0
19179,0
19180,0
19181,0
19182,0
19183,0
19190,0
19191,0
19194,0
19195,0
19198,0
19199,0
19214,0
19215,0
19230,0
19231,0
19232,0
19233,0
19234,0
19235,0
19240,0
19241,0
19246,0
19247,0
19248,0
19249,0
19260,0
19261,0
19262,0
19263,0
19264,0
19265,0
19276,0
19277,0
19292,0
19293,0
19296,0
19297,0
19308,0
19309,0
19312,0
19313,0
19314,0
19315,0
19316,0
19317,0
19318,0
19319,0
19326,0
19327,0
19328,0
19329,0
19334,0
19335,0
19336,0
19337,0
19342,0
19343,0
19354,0
19355,0
19360,0
19361,0
19362,0
19363,0
19366,0
19367,0
19372,0
19373,0
19374,0
19375,0
19380,0
19381,0
19382,0
19383,0
19384,0
19385,0
19390,0
19391,0
19394,0
19395,0
19398,0
19399,0
19408,0
19409,0
19412,0
19413,0
19432,0
19433,0
19452,0
19453,0
19456,0
19457,0
19462,0
19463,0
19464,0
19465,0
19478,0
19479,0
19488,0
19489,0
19490,0
19491,0
19494,0
19495,0
19496,0
19497,0
19500,0
19501,0
19502,0
19503,0
19506,0
19507,0
19510,0
19511,0
19512,0
19513,0
19516,0
19517,0
19546,0
19547,0
19560,0
19561,0
19566,0
19567,0
19572,0
19573,0
19586,0
19587,0
19588,0
19589,0
19590,0
19591,0
19596,0
19597,0
19598,0
19599,0
19606,0
19607,0
19608,0
19609,0
19616,0
19617,0
19620,0
19621,0
19624,0
19625,0
19626,0
19627,0
19628,0
19629,0
19632,0
19633,0
19646,0
19647,0
19652,0
19653,0
19654,0
19655,0
19658,0
19659,0
19668,0
19669,0
19670,0
19671,0
19674,0
19675,0
19676,0
19677,0
19678,0
19679,0
19680,0
19681,0
19682,0
19683,0
19692,0
19693,0
19700,0
19701,0
19704,0
19705,0
19706,0
19707,0
19708,0
19709,0
19710,0
19711,0
19716,0
19717,0
19718,0
19719,0
19722,0
19723,0
19724,0
19725,0
19736,0
19737,0
19740,0
19741,0
19744,0
19745,0
19750,0
19751,0
19760,0
19761,0
19762,0
19763,0
19768,0
19769,0
19778,0
19779,0
19780,0
19781,0
19786,0
19787,0
19794,0
19795,0
19800,0
19801,0
19806,0
19807,0
19808,0
19809,0
19832,0
19833,0
19834,0
19835,0
19838,0
19839,0
19842,0
19843,0
19848,0
19849,0
19856,0
19857,0
19860,0
19861,0
19862,0
19863,0
19868,0
19869,0
19886,0
19887,0
19888,0
19889,0
19892,0
19893,0
19902,0
19903,0
19904,0
19905,0
19910,0
19911,0
19918,0
19919,0
19924,0
19925,0
19926,0
19927,0
19930,0
19931,0
19932,0
19933,0
19934,0
19935,0
19936,0
19937,0
19940,0
19941,0
19946,0
19947,0
19948,0
19949,0
19950,0
19951,0
19954,0
19955,0
19960,0
19961,0
19962,0
19963,0
19968,0
19969,0
19974,0
19975,0
19976,0
19977,0
19988,0
19989,0
19990,0
19991,0
20010,0
20011,0
20014,0
20015,0
20018,0
20019,0
20020,0
20021,0
20022,0
20023,0
20032,0
20033,0
20038,0
20039,0
20040,0
20041,0
20044,0
20045,0
20046,0
20047,0
20060,0
20061,0
20064,0
20065,0
20068,0
20069,0
20078,0
20079,0
20086,0
20087,0
20088,0
20089,0
20092,0
20093,0
20094,0
20095,0
20102,0
20103,0
20104,0
20105,0
20116,0
20117,0
20120,0
20121,0
20126,0
20127,0
20128,0
20129,0
20130,0
20131,0
20134,0
20135,0
20138,0
20139,0
20140,0
20141,0
20144,0
20145,0
20146,0
20147,0
20156,0
20157,0
20164,0
20165,0
20176,0
20177,0
20178,0
20179,0
20180,0
20181,0
20186,0
20187,0
20194,0
20195,0
20204,0
20205,0
20206,0
20207,0
20208,0
20209,0
20212,0
20213,0
20216,0
20217,0
20222,0
20223,0
20224,0
20225,0
20226,0
20227,0
20230,0
20231,0
20232,0
20233,0
20246,0
20247,0
20248,0
20249,0
20256,0
20257,0
20260,0
20261,0
20262,0
20263,0
20266,0
20267,0
20270,0
20271,0
20274,0
20275,0
20278,0
20279,0
20282,0
20283,0
20286,0
20287,0
20290,0
20291,0
20298,0
20299,0
20308,0
20309,0
20312,0
20313,0
20314,0
20315,0
20329,0
20345,0
20362,0
20363,0
20368,0
20369,0
20370,0
20371,0
20376,0
20377,0
20380,0
20381,0
20384,0
20385,0
20390,0
20391,0
20392,0
20393,0
20400,0
20401,0
20406,0
20407,0
20418,0
20419,0
20424,0
20425,0
20426,0
20427,0
20432,0
20433,0
20442,0
20443,0
20454,0
20455,0
20462,0
20463,0
20464,0
20465,0
20468,0
20469,0
20470,0
20471,0
20472,0
20473,0
20476,0
20477,0
20486,0
20487,0
20488,0
20489,0
20490,0
20491,0
20500,0
20501,0
20504,0
20505,0
20506,0
20507,0
20516,0
20517,0
20528,0
20529,0
20530,0
20531,0
20532,0
20533,0
20536,0
20537,0
20540,0
20541,0
20542,0
20543,0
20546,0
20547,0
20552,0
20553,0
20554,0
20555,0
20558,0
20559,0
20564,0
20565,0
20568,0
20569,0
20572,0
20573,0
20576,0
20577,0
20588,0
20589,0
20600,0
20601,0
20616,0
20617,0
20636,0
20637,0
20644,0
20645,0
20654,0
20655,0
20666,0
20667,0
20670,0
20671,0
20674,0
20675,0
20678,0
20679,0
20680,0
20681,0
20686,0
20687,0
20696,0
20697,0
20700,0
20701,0
20702,0
20703,0
20704,0
20705,0
20706,0
20707,0
20712,0
20713,0
20724,0
20725,0
20726,0
20727,0
20746,0
20747,0
20750,0
20751,0
20754,0
20755,0
20758,0
20759,0
20776,0
20777,0
20800,0
20801,0
20802,0
20803,0
20810,0
20811,0
20818,0
20819,0
20820,0
20821,0
20822,0
20823,0
20824,0
20825,0
20828,0
20829,0
20832,0
20833,0
20842,0
20843,0
20854,0
20855,0
20860,0
20861,0
20862,0
20863,0
20870,0
20871,0
20882,0
20883,0
20884,0
20885,0
20888,0
20889,0
20896,0
20897,0
20904,0
20905,0
20922,0
20923,0
20924,0
20925,0
20926,0
20927,0
20930,0
20931,0
20936,0
20937,0
20942,0
20943,0
20944,0
20945,0
20946,0
20947,0
20948,0
20949,0
20954,0
20955,0
20960,0
20961,0
20972,0
20973,0
20976,0
20977,0
20988,0
20989,0
20996,0
20997,0
20998,0
20999,0
21004,0
21005,0
21006,0
21007,0
21008,0
21009,0
21010,0
21011,0
21012,0
21013,0
21020,0
21021,0
21030,0
21031,0
21042,0
21043,0
21046,0
21047,0
21056,0
21057,0
21066,0
21067,0
21076,0
21077,0
21088,0
21089,0
21090,0
21091,0
21092,0
21093,0
21098,0
21099,0
21106,0
21107,0
21108,0
21109,0
21122,0
21123,0
21124,0
21125,0
21126,0
21127,0
21128,0
21129,0
21130,0
21131,0
21134,0
21135,0
21136,0
21137,0
21144,0
21145,0
21146,0
21147,0
21150,0
21151,0
21156,0
21157,0
21158,0
21159,0
21160,0
21161,0
21162,0
21163,0
21170,0
21171,0
21198,0
21199,0
21206,0
21207,0
21208,0
21209,0
21210,0
21211,0
21216,0
21217,0
21224,0
21225,0
21230,0
21231,0
21236,0
21237,0
21270,0
21271,0
21276,0
21277,0
21284,0
21285,0
21300,0
21301,0
21302,0
21303,0
21310,0
21311,0
21318,0
21319,0
21328,0
21329,0
21342,0
21343,0
21350,0
21351,0
21354,0
21355,0
21358,0
21359,0
21360,0
21361,0
21366,0
21367,0
21374,0
21375,0
21376,0
21377,0
21378,0
21379,0
21380,0
21381,0
21382,0
21383,0
21392,0
21393,0
21394,0
21395,0
21414,0
21415,0
21416,0
21417,0
21418,0
21419,0
21422,0
21423,0
21426,0
21427,0
21446,0
21447,0
21472,0
21473,0
21474,0
21475,0
21484,0
21485,0
21488,0
21489,0
21504,0
21505,0
21512,0
21513,0
21516,0
21517,0
21520,0
21521,0
21524,0
21525,0
21536,0
21537,0
21538,0
21539,0
21540,0
21541,0
21552,0
21553,0
21554,0
21555,0
21568,0
21569,0
21574,0
21575,0
21586,0
21587,0
21592,0
21593,0
21596,0
21597,0
21600,0
21601,0
21606,0
21607,0
21610,0
21611,0
21616,0
21617,0
21624,0
21625,0
21626,0
21627,0
21636,0
21637,0
21638,0
21639,0
21640,0
21641,0
21642,0
21643,0
21654,0
21655,0
21660,0
21661,0
21668,0
21669,0
21674,0
21675,0
21680,0
21681,0
21698,0
21699,0
21702,0
21703,0
21708,0
21709,0
21710,0
21711,0
21712,0
21713,0
21734,0
21735,0
21736,0
21737,0
21740,0
21741,1000
21748,0
21749,0
21752,0
21753,0
21754,0
21755,0
21760,0
21761,0
21762,0
21763,0
21766,0
21767,0
21778,0
21779,0
21780,0
21781,1000
21798,0
21799,0
21814,0
21815,0
21818,0
21819,0
21824,0
21825,0
21828,0
21829,0
21830,0
21831,0
21836,0
21837,0
21838,0
21839,0
21844,0
21845,0
21860,0
21861,0
21866,0
21867,0
21872,0
21873,0
21892,0
21893,0
21896,0
21897,0
21900,0
21901,0
21902,0
21903,0
21920,0
21921,0
21922,0
21923,0
21928,0
21929,1000
21930,0
21931,0
21938,0
21939,0
21946,0
21947,0
21952,0
21953,0
21954,0
21955,0
21960,0
21961,1500
21966,0
21967,0
21968,0
21969,0
21970,0
21971,0
21972,0
21973,0
21982,0
21983,0
21984,0
21985,0
21988,0
21989,0
21990,0
21991,0
21992,0
21993,0
22000,0
22001,0
22002,0
22003,0
22018,0
22019,0
22022,0
22023,0
22028,0
22029,0
22030,0
22031,0
22038,0
22039,0
22060,0
22061,0
22068,0
22069,0
22072,0
22073,0
22078,0
22079,0
22088,0
22089,0
22100,0
22101,0
22104,0
22105,0
22108,0
22109,0
22112,0
22113,0
22118,0
22119,0
22120,0
22121,0
22126,0
22127,0
22134,0
22135,0
22136,0
22137,0
22138,0
22139,0
22140,0
22141,0
22144,0
22145,0
22146,0
22147,0
22148,0
22149,0
22158,0
22159,0
22160,0
22161,0
22162,0
22163,0
22170,0
22171,0
22180,0
22181,0
22196,0
22197,0
22198,0
22199,0
22206,0
22207,0
22212,0
22213,0
22222,0
22223,0
22224,0
22225,0
22230,0
22231,0
22234,0
22235,0
22238,0
22239,0
22246,0
22247,0
22250,0
22251,0
22252,0
22253,0
22260,0
22261,0
22264,0
22265,0
22270,0
22271,0
22276,0
22277,0
22280,0
22281,0
22296,0
22297,0
22300,0
22301,0
22322,0
22323,0
22326,0
22327,0
22334,0
22335,0
22344,0
22345,0
22356,0
22357,0
22362,0
22363,0
22368,0
22369,0
22370,0
22371,0
22372,0
22373,0
22374,0
22375,0
22376,0
22377,0
22380,0
22381,0
22382,0
22383,0
22384,0
22385,0
22408,0
22409,0
22414,0
22415,0
22418,0
22419,0
22424,0
22425,0
22426,0
22427,0
22436,0
22437,0
22454,0
22455,0
22464,0
22465,0
22468,0
22469,0
22480,0
22481,0
22482,0
22483,0
22488,0
22489,0
22500,0
22501,0
22502,0
22503,0
22504,0
22505,0
22508,0
22509,0
22510,0
22511,0
22516,0
22517,0
22522,0
22523,0
22536,0
22537,0
22542,0
22543,0
22544,0
22545,0
22546,0
22547,0
22554,0
22555,0
22556,0
22557,0
22558,0
22559,0
22562,0
22563,0
22572,0
22573,0
22580,0
22581,0
22582,0
22583,0
22584,0
22585,0
22588,0
22589,0
22592,0
22593,0
22598,0
22599,0
22600,0
22601,0
22604,0
22605,0
22610,0
22611,0
22614,0
22615,0
22618,0
22619,0
22624,0
22625,0
22630,0
22631,0
22632,0
22633,0
22636,0
22637,0
22640,0
22641,0
22644,0
22645,0
22646,0
22647,0
22650,0
22651,0
22658,0
22659,0
22660,0
22661,0
22662,0
22663,0
22664,0
22665,0
22670,0
22671,0
22676,0
22677,0
22678,0
22679,0
22682,0
22683,0
22684,0
22685,0
22686,0
22687,0
22692,0
22693,0
22698,0
22699,0
22700,0
22701,0
22714,0
22715,0
22720,0
22721,0
22726,0
22727,0
22734,0
22735,0
22748,0
22749,0
22752,0
22753,0
22756,0
22757,0
22764,0
22765,0
22778,0
22779,0
22812,0
22813,0
22814,0
22815,0
22816,0
22817,0
22818,0
22819,0
22820,0
22821,0
22826,0
22827,0
22832,0
22833,0
22838,0
22839,0
22844,0
22845,0
22856,0
22857,0
22864,0
22865,0
22868,0
22869,0
22874,0
22875,0
22878,0
22879,0
22880,0
22881,0
22898,0
22899,0
22916,0
22917,0
22918,0
22919,0
22920,0
22921,0
22928,0
22929,0
22938,0
22939,0
22940,0
22941,0
22946,0
22947,0
22960,0
22961,0
22962,0
22963,0
22976,0
22977,0
22978,0
22979,0
22982,0
22983,0
22984,0
22985,0
22994,0
22995,0
22996,0
22997,0
23002,0
23003,0
23008,0
23009,0
23010,0
23011,0
23012,0
23013,0
23024,0
23025,0
23026,0
23027,0
23032,0
23033,0
23036,0
23037,0
23048,0
23049,0
23052,0
23053,0
23058,0
23059,0
23062,0
23063,0
23064,0
23065,0
23070,0
23071,0
23074,0
23075,0
23076,0
23077,0
23078,0
23079,0
23080,0
23081,0
23088,0
23089,0
23094,0
23095,0
23098,0
23099,0
23108,0
23109,0
23114,0
23115,0
23120,0
23121,0
23126,0
23127,0
23128,0
23129,0
23136,0
23137,0
23142,0
23143,0
23156,0
23157,0
23166,0
23167,0
23170,0
23171,0
23176,0
23177,0
23178,0
23179,0
23180,0
23181,0
23182,0
23183,0
23184,0
23185,0
23192,0
23193,0
23200,0
23201,0
23208,0
23209,0
23210,0
23211,0
23220,0
23221,0
23226,0
23227,0
23232,0
23233,0
23234,0
23235,0
23236,0
23237,0
23242,0
23243,0
23250,0
23251,0
23264,0
23265,0
23276,0
23277,0
23284,0
23285,0
23290,0
23291,0
23296,0
23297,0
23298,0
23299,0
23306,0
23307,0
23310,0
23311,0
23314,0
23315,0
23324,0
23325,0
23332,0
23333,0
23340,0
23341,0
23350,0
23351,0
23356,0
23357,0
23358,0
23359,0
23368,0
23369,0
23370,0
23371,0
23382,0
23383,0
23384,0
23385,0
23406,0
23407,0
23408,0
23409,0
23426,0
23427,0
23428,0
23429,0
23432,0
23433,0
23442,0
23443,0
23446,0
23447,0
23448,0
23449,0
23450,0
23451,0
23456,0
23457,0
23466,0
23467,0
23480,0
23481,0
23482,0
23483,0
23496,0
23497,0
23498,0
23499,0
23510,0
23511,0
23530,0
23531,0
23532,0
23533,0
23534,0
23535,0
23536,0
23537,0
23552,0
23553,0
23574,0
23575,0
23578,0
23579,0
23594,0
23595,0
23604,0
23605,0
23608,0
23609,1000
23612,0
23613,0
23614,0
23615,1000
23616,0
23617,0
23618,0
23619,0
23620,0
23621,0
23622,0
23623,0
23638,0
23639,0
23640,0
23641,0
23652,0
23653,0
23656,0
23657,0
23658,0
23659,0
23678,0
23679,0
23680,0
23681,0
23686,0
23687,0
23688,0
23689,0
23690,0
23691,0
23692,0
23693,0
23710,0
23711,0
23722,0
23723,0
23732,0
23733,0
23736,0
23737,0
23746,0
23747,0
23754,0
23755,0
23756,0
23757,0
23758,0
23759,0
23762,0
23763,0
23764,0
23765,0
23766,0
23767,0
23770,0
23771,0
23782,0
23783,0
23794,0
23795,0
23798,0
23799,0
23804,0
23805,0
23806,0
23807,0
23814,0
23815,0
23822,0
23823,0
23826,0
23827,0
23830,0
23831,0
23832,0
23833,0
23838,0
23839,0
23850,0
23851,0
23852,0
23853,0
23854,0
23855,0
23858,0
23859,0
23862,0
23863,0
23870,0
23871,0
23876,0
23877,0
23890,0
23891,0
23894,0
23895,0
23900,0
23901,0
23906,0
23907,0
23928,0
23929,0
23930,0
23931,0
23944,0
23945,0
23948,0
23949,0
23952,0
23953,0
23954,0
23955,0
23960,0
23961,0
23976,0
23977,0
23978,0
23979,0
23980,0
23981,0
23990,0
23991,0
23992,0
23993,0
24002,0
24003,0
24012,0
24013,0
24014,0
24015,0
24020,0
24021,0
24022,0
24023,0
24026,0
24027,0
24032,0
24033,0
24048,0
24049,0
24056,0
24057,0
24078,0
24079,0
24080,0
24081,0
24090,0
24091,0
24098,0
24099,0
24108,0
24109,0
24112,0
24113,0
24116,0
24117,0
24118,0
24119,0
24120,0
24121,0
24126,0
24127,0
24132,0
24133,0
24134,0
24135,0
24136,0
24137,0
24156,0
24157,0
24176,0
24177,0
24184,0
24185,0
24198,0
24199,0
24200,0
24201,0
24224,0
24225,0
24236,0
24237,0
24240,0
24241,0
24242,0
24243,0
24254,0
24255,0
24258,0
24259,0
24268,0
24269,0
24272,0
24273,0
24274,0
24275,0
24276,0
24277,0
24286,0
24287,0
24290,0
24291,0
24300,0
24301,0
24304,0
24305,0
24306,0
24307,0
24308,0
24309,0
24312,0
24313,0
24314,0
24315,0
24316,0
24317,0
24320,0
24321,0
24322,0
24323,0
24332,0
24333,0
24334,0
24335,0
24336,0
24337,0
24338,0
24339,0
24348,0
24349,0
24350,0
24351,0
24352,0
24353,0
24358,0
24359,0
24370,0
24371,0
24374,0
24375,0
24376,0
24377,0
24382,0
24383,0
24394,0
24395,0
24404,0
24405,0
24406,0
24407,0
24408,0
24409,0
24410,0
24411,0
24418,0
24419,0
24422,0
24423,0
24424,0
24425,0
24438,0
24439,0
24452,0
24453,0
24454,0
24455,0
24458,0
24459,0
24462,0
24463,0
24472,0
24473,0
24480,0
24481,0
24484,0
24485,0
24486,0
24487,0
24492,0
24493,0
24502,0
24503,0
24506,0
24507,0
24508,0
24509,0
24510,0
24511,0
24528,0
24529,0
24532,0
24533,0
24536,0
24537,0
24540,0
24541,0
24544,0
24545,0
24546,0
24547,0
24552,0
24553,0
24558,0
24559,0
24562,0
24563,0
24572,0
24573,0
24574,0
24575,0
24578,0
24579,0
24582,0
24583,0
24604,0
24605,0
24606,0
24607,0
24610,0
24611,0
24614,0
24615,0
24618,0
24619,0
24620,0
24621,0
24622,0
24623,0
24630,0
24631,0
24632,0
24633,0
24634,0
24635,0
24636,0
24637,0
24638,0
24639,0
24642,0
24643,0
24644,0
24645,0
24660,0
24661,0
24662,0
24663,0
24672,0
24673,0
24682,0
24683,0
24684,0
24685,0
24688,0
24689,0
24694,0
24695,0
24698,0
24699,0
24700,0
24701,0
24710,0
24711,0
24716,0
24717,0
24722,0
24723,0
24726,0
24727,0
24732,0
24733,0
24740,0
24741,0
24746,0
24747,0
24754,0
24755,0
24760,0
24761,0
24762,0
24763,0
24766,0
24767,0
24776,0
24777,0
24780,0
24781,0
24786,0
24787,0
24788,0
24789,0
24796,0
24797,0
24808,0
24809,0
24810,0
24811,0
24816,0
24817,0
24820,0
24821,0
24830,0
24831,0
24832,0
24833,0
24858,0
24859,0
24864,0
24865,0
24880,0
24881,0
24886,0
24887,0
24888,0
24889,0
24892,0
24893,0
24896,0
24897,0
24898,0
24899,0
24904,0
24905,0
24906,0
24907,0
24912,0
24913,0
24916,0
24917,0
24924,0
24925,0
24926,0
24927,0
24930,0
24931,0
24938,0
24939,0
24948,0
24949,0
24954,0
24955,0
24966,0
24967,0
24968,0
24969,0
24980,0
24981,0
24986,0
24987,0
24990,0
24991,0
24998,0
24999,0
25000,0
25001,0
25006,0
25007,0
25022,0
25023,0
25024,0
25025,0
25026,0
25027,0
25030,0
25031,0
25032,0
25033,0
25034,0
25035,0
25036,0
25037,0
25042,0
25043,0
25046,0
25047,0
25052,0
25053,0
25054,0
25055,0
25056,0
25057,0
25058,0
25059,0
25062,0
25063,0
25068,0
25069,0
25074,0
25075,0
25076,0
25077,0
25078,0
25079,0
25082,0
25083,0
25090,0
25091,0
25100,0
25101,0
25106,0
25107,0
25108,0
25109,0
25110,0
25111,0
25112,0
25113,0
25120,0
25121,0
25122,0
25123,0
25128,0
25129,0
25134,0
25135,0
25136,0
25137,0
25144,0
25145,0
25152,0
25153,0
25154,0
25155,0
25156,0
25157,0
25158,0
25159,0
25168,0
25169,0
25170,0
25171,0
25182,0
25183,0
25192,0
25193,0
25194,0
25195,0
25202,0
25203,0
25204,0
25205,0
25208,0
25209,0
25226,0
25227,0
25228,0
25229,0
25232,0
25233,0
25240,0
25241,0
25258,0
25259,0
25262,0
25263,0
25266,0
25267,0
25270,0
25271,0
25278,0
25279,0
25286,0
25287,0
25288,0
25289,0
25290,0
25291,0
25302,0
25303,0
25310,0
25311,0
25316,0
25317,0
25332,0
25333,0
25340,0
25341,0
25342,0
25343,0
25346,0
25347,0
25352,0
25353,0
25364,0
25365,0
25368,0
25369,0
25376,0
25377,0
25386,0
25387,0
25390,0
25391,0
25392,0
25393,0
25396,0
25397,0
25400,0
25401,0
25404,0
25405,0
25412,0
25413,0
25414,0
25415,0
25418,0
25419,0
25424,0
25425,0
25426,0
25427,0
25434,0
25435,0
25436,0
25437,0
25438,0
25439,0
25440,0
25441,0
25442,0
25443,0
25446,0
25447,0
25448,0
25449,0
25454,0
25455,0
25458,0
25459,0
25468,0
25469,0
25472,0
25473,0
25476,0
25477,0
25488,0
25489,0
25490,0
25491,0
25502,0
25503,0
25504,0
25505,0
25512,0
25513,0
25518,0
25519,0
25520,0
25521,0
25524,0
25525,0
25526,0
25527,0
25534,0
25535,0
25544,0
25545,0
25552,0
25553,0
25560,0
25561,0
25568,0
25569,0
25570,0
25571,0
25572,0
25573,0
25576,0
25577,0
25580,0
25581,0
25594,0
25595,0
25598,0
25599,0
25606,0
25607,0
25610,0
25611,0
25614,0
25615,0
25616,0
25617,0
25618,0
25619,0
25620,0
25621,0
25622,0
25623,0
25644,0
25645,0
25646,0
25647,0
25658,0
25659,0
25662,0
25663,0
25664,0
25665,0
25668,0
25669,0
25676,0
25677,0
25678,0
25679,0
25680,0
25681,0
25682,0
25683,0
25704,0
25705,0
25718,0
25719,0
25720,0
25721,0
25726,0
25727,0
25736,0
25737,0
25746,0
25747,0
25760,0
25761,0
25764,0
25765,0
25776,0
25777,0
25782,0
25783,0
25788,0
25789,0
25792,0
25793,0
25794,0
25795,0
25798,0
25799,0
25804,0
25805,0
25806,0
25807,0
25808,0
25809,0
25812,0
25813,0
25832,0
25833,0
25834,0
25835,0
25838,0
25839,0
25840,0
25841,0
25842,0
25843,0
25856,0
25857,0
25866,0
25867,0
25882,0
25883,0
25886,0
25887,0
25890,0
25891,0
25904,0
25905,0
25906,0
25907,0
25910,0
25911,0
25912,0
25913,0
25918,0
25919,0
25920,0
25921,0
25946,0
25947,0
25948,0
25949,0
25960,0
25961,0
25964,0
25965,0
25968,0
25969,0
25982,0
25983,0
25986,0
25987,0
26002,0
26003,0
26004,0
26005,0
26010,0
26011,0
26012,0
26013,0
26014,0
26015,0
26016,0
26017,0
26018,0
26019,0
26026,0
26027,0
26028,0
26029,0
26038,0
26039,0
26040,0
26041,0
26042,0
26043,0
26060,0
26061,0
26062,0
26063,0
26066,0
26067,0
26068,0
26069,0
26070,0
26071,0
26078,0
26079,0
26080,0
26081,0
26086,0
26087,0
26088,0
26089,0
26100,0
26101,0
26106,0
26107,0
26110,0
26111,0
26120,0
26121,0
26124,0
26125,0
26128,0
26129,0
26138,0
26139,0
26142,0
26143,0
26148,0
26149,0
26152,0
26153,0
26154,0
26155,0
26160,0
26161,0
26162,0
26163,0
26164,0
26165,0
26166,0
26167,0
26168,0
26169,0
26174,0
26175,0
26178,0
26179,0
26184,0
26185,0
26186,0
26187,0
26188,0
26189,0
26198,0
26199,0
26200,0
26201,0
26204,0
26205,0
26206,0
26207,0
26208,0
26209,0
26210,0
26211,0
26212,0
26213,0
26214,0
26215,0
26218,0
26219,0
26220,0
26221,0
26230,0
26231,0
26232,0
26233,0
26236,0
26237,0
26244,0
26245,0
26246,0
26247,0
26254,0
26255,0
26256,0
26257,0
26258,0
26259,0
26262,0
26263,0
26268,0
26269,0
26270,0
26271,0
26272,0
26273,0
26278,0
26279,0
26288,0
26289,0
26292,0
26293,0
26296,0
26297,0
26298,0
26299,0
26300,0
26301,0
26308,0
26309,0
26316,0
26317,0
26320,0
26321,0
26322,0
26323,0
26334,0
26335,0
26338,0
26339,0
26342,0
26343,0
26346,0
26347,0
26348,0
26349,0
26358,0
26359,0
26360,0
26361,0
26362,0
26363,0
26374,0
26375,0
26376,0
26377,0
26378,0
26379,0
26380,0
26381,0
26382,0
26383,0
26384,0
26385,0
26392,0
26393,0
26396,0
26397,0
26398,0
26399,0
26402,0
26403,0
26412,0
26413,0
26416,0
26417,0
26440,0
26441,0
26444,0
26445,0
26454,0
26455,0
26456,0
26457,0
26466,0
26467,0
26470,0
26471,0
26478,0
26479,0
26484,0
26485,0
26486,0
26487,0
26492,0
26493,0
26502,0
26503,0
26504,0
26505,0
26508,0
26509,0
26510,0
26511,0
26514,0
26515,0
26518,0
26519,0
26520,0
26521,0
26522,0
26523,0
26524,0
26525,0
26528,0
26529,0
26530,0
26531,0
26532,0
26533,0
26534,0
26535,0
26536,0
26537,0
26538,0
26539,0
26544,0
26545,0
26554,0
26555,0
26558,0
26559,0
26562,0
26563,0
26580,0
26581,0
26582,0
26583,0
26588,0
26589,0
26590,0
26591,0
26598,0
26599,0
26602,0
26603,0
26604,0
26605,0
26606,0
26607,0
26614,0
26615,0
26616,0
26617,0
26620,0
26621,0
26624,0
26625,0
26632,0
26633,0
26634,0
26635,0
26636,0
26637,0
26640,0
26641,0
26644,0
26645,0
26646,0
26647,0
26648,0
26649,0
26652,0
26653,0
26670,0
26671,0
26672,0
26673,0
26702,0
26703,0
26704,0
26705,0
26706,0
26707,0
26710,0
26711,0
26714,0
26715,0
26718,0
26719,0
26730,0
26731,0
26734,0
26735,0
26740,0
26741,0
26742,0
26743,0
26756,0
26757,0
26766,0
26767,0
26774,0
26775,0
26776,0
26777,0
26784,0
26785,0
26788,0
26789,0
26800,0
26801,0
26802,0
26803,0
26804,0
26805,0
26814,0
26815,0
26816,0
26817,0
26818,0
26819,0
26822,0
26823,0
26844,0
26845,0
26846,0
26847,0
26856,0
26857,0
26860,0
26861,0
26864,0
26865,0
26872,0
26873,0
26874,0
26875,0
26876,0
26877,0
26888,0
26889,0
26894,0
26895,0
26898,0
26899,0
26900,0
26901,0
26902,0
26903,0
26908,0
26909,0
26910,0
26911,0
26918,0
26919,0
26924,0
26925,0
26928,0
26929,0
26936,0
26937,0
26944,0
26945,0
26954,0
26955,0
26960,0
26961,0
26962,0
26963,0
26964,0
26965,0
26976,0
26977,0
26978,0
26979,0
26980,0
26981,0
26992,0
26993,0
26996,0
26997,0
27000,0
27001,0
27006,0
27007,0
27008,0
27009,0
27012,0
27013,0
27018,0
27019,0
27024,0
27025,0
27026,0
27027,0
27034,0
27035,0
27036,0
27037,0
27038,0
27039,0
27050,0
27051,0
27068,0
27069,0
27070,0
27071,0
27080,0
27081,0
27082,0
27083,0
27088,0
27089,0
27090,0
27091,0
27094,0
27095,0
27110,0
27111,0
27114,0
27115,0
27116,0
27117,0
27120,0
27121,0
27130,0
27131,0
27132,0
27133,0
27134,0
27135,0
27136,0
27137,0
27144,0
27145,0
27150,0
27151,0
27160,0
27161,0
27162,0
27163,0
27174,0
27175,0
27192,0
27193,0
27196,0
27197,0
27206,0
27207,0
27210,0
27211,0
27212,0
27213,0
27214,0
27215,0
27228,0
27229,0
27234,0
27235,0
27238,0
27239,0
27242,0
27243,0
27244,0
27245,0
27248,0
27249,0
27254,0
27255,0
27262,0
27263,0
27264,0
27265,0
27274,0
27275,0
27276,0
27277,0
27278,0
27279,0
27284,0
27285,0
27286,0
27287,0
27294,0
27295,0
27298,0
27299,0
27302,0
27303,0
27304,0
27305,0
27312,0
27313,0
27320,0
27321,0
27332,0
27333,0
27336,0
27337,0
27342,0
27343,0
27354,0
27355,0
27358,0
27359,0
27366,0
27367,0
27370,0
27371,0
27372,0
27373,0
27374,0
27375,0
27387,0
27388,0
27389,0
27396,0
27397,0
27400,0
27401,0
27402,0
27403,0
27408,0
27409,0
27426,0
27427,0
27440,0
27441,0
27444,0
27445,0
27454,0
27455,0
27460,0
27461,0
27464,0
27465,0
27472,0
27473,0
27478,0
27479,0
27480,0
27481,0
27486,0
27487,0
27496,0
27497,0
27498,0
27499,0
27500,0
27501,0
27508,0
27509,0
27516,0
27517,0
27518,0
27519,0
27528,0
27529,0
27536,0
27537,0
27538,0
27539,0
27546,0
27547,0
27548,0
27549,0
27552,0
27553,0
27554,0
27555,0
27556,0
27557,0
27560,0
27561,0
27568,0
27569,0
27570,0
27571,0
27572,0
27573,0
27582,0
27583,0
27586,0
27587,0
27588,0
27589,0
27590,0
27591,0
27592,0
27593,0
27596,0
27597,0
27598,0
27599,0
27600,0
27601,0
27608,0
27609,0
27614,0
27615,0
27620,0
27621,0
27622,0
27623,0
27634,0
27635,0
27636,0
27637,0
27642,0
27643,0
27644,0
27645,0
27646,0
27647,0
27656,0
27657,0
27662,0
27663,0
27664,0
27665,0
27670,0
27671,0
27674,0
27675,0
27678,0
27679,0
27690,0
27691,0
27698,0
27699,0
27702,0
27703,0
27708,0
27709,0
27718,0
27719,0
27724,0
27725,0
27740,0
27741,0
27742,0
27743,0
27760,0
27761,0
27764,0
27765,0
27768,0
27769,0
27776,0
27777,0
27784,0
27785,0
27790,0
27791,0
27802,0
27803,0
27808,0
27809,0
27816,0
27817,0
27818,0
27819,0
27822,0
27823,0
27832,0
27833,0
27836,0
27837,0
27838,0
27839,0
27840,0
27841,0
27844,0
27845,0
27848,0
27849,0
27852,0
27853,0
27856,0
27857,0
27866,0
27867,0
27868,0
27869,0
27870,0
27871,0
27872,0
27873,0
27878,0
27879,0
27888,0
27889,0
27892,0
27893,0
27896,0
27897,0
27898,0
27899,0
27900,0
27901,0
27908,0
27909,0
27910,0
27911,0
27922,0
27923,0
27928,0
27929,0
27930,0
27931,0
27932,0
27933,0
27938,0
27939,0
27940,0
27941,0
27942,0
27943,0
27944,0
27945,0
27946,0
27947,0
27954,0
27955,0
27960,0
27961,0
27966,0
27967,0
27968,0
27969,0
27984,0
27985,0
27988,0
27989,0
28000,0
28001,0
28010,0
28011,0
28014,0
28015,0
28018,0
28019,0
28030,0
28031,0
28036,0
28037,0
28042,0
28043,0
28052,0
28053,0
28056,0
28057,0
28060,0
28061,0
28068,0
28069,0
28082,0
28083,0
28088,0
28089,0
28096,0
28097,0
28102,0
28103,0
28116,0
28117,0
28124,0
28125,0
28126,0
28127,0
28128,0
28129,0
28130,0
28131,0
28132,0
28133,0
28142,0
28143,0
28144,0
28145,0
28146,0
28147,0
28148,0
28149,0
28152,0
28153,0
28156,0
28157,0
28162,0
28163,0
28172,0
28173,0
28174,0
28175,0
28176,0
28177,0
28196,0
28197,0
28210,0
28211,0
28212,0
28213,0
28218,0
28219,0
28226,0
28227,0
28244,0
28245,0
28248,0
28249,0
28258,0
28259,0
28260,0
28261,0
28268,0
28269,0
28270,0
28271,0
28276,0
28277,0
28292,0
28293,0
28304,0
28305,0
28308,0
28309,0
28312,0
28313,0
28328,0
28329,0
28332,0
28333,0
28334,0
28335,0
28336,0
28337,0
28338,0
28339,0
28340,0
28341,0
28342,0
28343,0
28346,0
28347,0
28354,0
28355,0
28364,0
28365,0
28366,0
28367,0
28376,0
28377,0
28394,0
28395,0
28400,0
28401,0
28404,0
28405,0
28408,0
28409,0
28410,0
28411,0
28416,0
28417,0
28432,0
28433,0
28436,0
28437,0
28438,0
28439,0
28440,0
28441,0
28446,0
28447,0
28454,0
28455,0
28458,0
28459,0
28472,0
28473,0
28478,0
28479,0
28480,0
28481,0
28482,0
28483,0
28484,0
28485,0
28494,0
28495,0
28498,0
28499,0
28500,0
28501,0
28514,0
28515,0
28524,0
28525,0
28528,0
28529,0
28532,0
28533,0
28534,0
28535,0
28538,0
28539,0
28540,0
28541,0
28544,0
28545,0
28548,0
28549,0
28552,0
28553,0
28556,0
28557,0
28562,0
28563,0
28566,0
28567,0
28568,0
28569,0
28574,0
28575,0
28578,0
28579,0
28582,0
28583,0
28592,0
28593,0
28602,0
28603,0
28606,0
28607,0
28608,0
28609,0
28614,0
28615,0
28616,0
28617,0
28622,0
28623,0
28630,0
28631,0
28638,0
28639,0
28644,0
28645,0
28650,0
28651,0
28660,0
28661,0
28662,0
28663,0
28664,0
28665,0
28668,0
28669,0
28670,0
28671,0
28676,0
28677,0
28682,0
28683,0
28686,0
28687,0
28694,0
28695,0
28696,0
28697,0
28704,0
28705,0
28706,0
28707,0
28718,0
28719,0
28724,0
28725,0
28726,0
28727,0
28732,0
28733,0
28740,0
28741,0
28742,0
28743,0
28748,0
28749,0
28756,0
28757,0
28758,0
28759,0
28760,0
28761,0
28762,0
28763,0
28780,0
28781,0
28786,0
28787,0
28788,0
28789,0
28790,0
28791,0
28806,0
28807,0
28808,0
28809,0
28812,0
28813,0
28824,0
28825,0
28828,0
28829,0
28836,0
28837,0
28840,0
28841,0
28842,0
28843,0
28844,0
28845,0
28854,0
28855,0
28856,0
28857,0
28860,0
28861,0
28862,0
28863,0
28868,0
28869,0
28870,0
28871,0
28874,0
28875,0
28880,0
28881,0
28884,0
28885,0
28888,0
28889,0
28890,0
28891,0
28894,0
28895,0
28896,0
28897,0
28900,0
28901,0
28902,0
28903,0
28908,0
28909,0
28914,0
28915,0
28922,0
28923,0
28924,0
28925,0
28926,0
28927,0
28934,0
28935,0
28938,0
28939,0
28940,0
28941,0
28942,0
28943,0
28948,0
28949,0
28950,0
28951,0
28958,0
28959,0
28960,0
28961,0
28970,0
28971,0
28978,0
28979,0
28980,0
28981,0
28982,0
28983,0
28984,0
28985,0
28996,0
28997,0
29004,0
29005,0
29006,0
29007,0
29012,0
29013,0
29016,0
29017,0
29030,0
29031,0
29032,0
29033,0
29034,0
29035,0
29042,0
29043,0
29044,0
29045,0
29046,0
29047,0
29056,0
29057,0
29066,0
29067,0
29068,0
29069,0
29070,0
29071,0
29076,0
29077,0
29104,0
29105,0
29108,0
29109,0
29114,0
29115,0
29126,0
29127,0
29132,0
29133,0
29140,0
29141,0
29154,0
29155,0
29162,0
29163,0
29174,0
29175,0
29178,0
29179,0
29184,0
29185,0
29186,0
29187,0
29188,0
29189,0
29190,0
29191,0
29194,0
29195,0
29196,0
29197,0
29204,0
29205,0
29216,0
29217,0
29224,0
29225,0
29228,0
29229,0
29238,0
29239,0
29242,0
29243,0
29256,0
29257,0
29258,0
29259,0
29260,0
29261,0
29264,0
29265,0
29270,0
29271,0
29280,0
29281,0
29286,0
29287,0
29288,0
29289,0
29290,0
29291,0
29298,0
29299,0
29300,0
29301,0
29308,0
29309,0
29312,0
29313,0
29314,0
29315,0
29320,0
29321,0
29322,0
29323,0
29328,0
29329,0
29336,0
29337,0
29346,0
29347,0
29348,0
29349,0
29358,0
29359,0
29370,0
29371,0
29372,0
29373,0
29380,0
29381,0
29394,0
29395,0
29404,0
29405,0
29412,0
29413,0
29442,0
29443,0
29444,0
29445,0
29460,0
29461,0
29464,0
29465,0
29468,0
29469,0
29472,0
29473,0
29480,0
29481,0
29484,0
29485,0
29486,0
29487,0
29496,0
29497,0
29500,0
29501,0
29502,0
29503,0
29506,0
29507,0
29510,0
29511,0
29512,0
29513,0
29514,0
29515,0
29522,0
29523,0
29524,0
29525,0
29532,0
29533,0
29544,0
29545,0
29546,0
29547,0
29550,0
29551,0
29556,0
29557,0
29564,0
29565,0
29566,0
29567,0
29572,0
29573,0
29578,0
29579,0
29580,0
29581,0
29588,0
29589,0
29594,0
29595,0
29600,0
29601,0
29606,0
29607,0
29620,0
29621,0
29622,0
29623,0
29626,0
29627,0
29634,0
29635,0
29636,0
29637,0
29642,0
29643,0
29644,0
29645,0
29650,0
29651,0
29656,0
29657,0
29664,0
29665,0
29678,0
29679,0
29686,0
29687,0
29688,0
29689,0
29692,0
29693,0
29696,0
29697,0
29698,0
29699,0
29702,0
29703,0
29706,0
29707,0
29710,0
29711,0
29718,0
29719,0
29732,0
29733,0
29746,0
29747,0
29750,0
29751,0
29754,0
29755,0
29756,0
29757,0
29762,0
29763,0
29764,0
29765,0
29774,0
29775,0
29780,0
29781,0
29782,0
29783,0
29786,0
29787,0
29790,0
29791,0
29794,0
29795,0
29800,0
29801,0
29814,0
29815,0
29816,0
29817,0
29822,0
29823,0
29838,0
29839,0
29846,0
29847,0
29852,0
29853,0
29856,0
29857,0
29862,0
29863,0
29868,0
29869,0
29872,0
29873,0
29874,0
29875,0
29878,0
29879,0
29884,0
29885,0
29890,0
29891,0
29894,0
29895,0
29898,0
29899,0
29900,0
29901,0
29902,0
29903,0
29912,0
29913,0
29914,0
29915,0
29942,0
29943,0
29950,0
29951,0
29954,0
29955,0
29970,0
29971,0
29972,0
29973,0
29976,0
29977,0
29992,0
29993,0
30010,0
30011,0
30022,0
30023,0
30026,0
30027,0
30030,0
30031,0
30034,0
30035,0
30036,0
30037,0
30044,0
30045,0
30060,0
30061,0
30062,0
30063,0
30068,0
30069,0
30072,0
30073,0
30082,0
30083,0
30088,0
30089,0
30090,0
30091,0
30092,0
30093,0
30094,0
30095,0
30096,0
30097,0
30110,0
30111,0
30116,0
30117,0
30132,0
30133,0
30134,0
30135,0
30144,0
30145,0
30156,0
30157,0
30162,0
30163,0
30170,0
30171,0
30174,0
30175,0
30184,0
30185,0
30192,0
30193,0
30206,0
30207,0
30208,0
30209,0
30210,0
30211,0
30222,0
30223,0
30228,0
30229,0
30230,0
30231,0
30234,0
30235,0
30236,0
30237,0
30238,0
30239,0
30246,0
30247,0
30248,0
30249,0
30258,0
30259,0
30264,0
30265,0
30270,0
30271,0
30288,0
30289,0
30292,0
30293,0
30294,0
30295,0
30296,0
30297,0
30306,0
30307,0
30310,0
30311,0
30322,0
30323,0
30324,0
30325,0
30326,0
30327,0
30328,0
30329,0
30340,0
30341,0
30344,0
30345,0
30364,0
30365,0
30374,0
30375,0
30376,0
30377,0
30378,0
30379,0
30392,0
30393,0
30402,0
30403,0
30414,0
30415,0
30434,0
30435,0
30440,0
30441,0
30444,0
30445,0
30446,0
30447,0
30452,0
30453,0
30470,0
30471,0
30472,0
30473,0
30474,0
30475,0
30478,0
30479,0
30480,0
30481,0
30496,0
30497,0
30498,0
30499,0
30500,0
30501,0
30502,0
30503,0
30516,0
30517,0
30524,0
30525,0
30532,0
30533,0
30534,0
30535,0
30544,0
30545,0
30546,0
30547,0
30550,0
30551,0
30556,0
30557,0
30560,0
30561,0
30568,0
30569,0
30572,0
30573,0
30580,0
30581,0
30588,0
30589,0
30590,0
30591,0
30596,0
30597,0
30600,0
30601,0
30606,0
30607,0
30610,0
30611,0
30622,0
30623,0
30624,0
30625,0
30632,0
30633,0
30636,0
30637,0
30638,0
30639,0
30650,0
30651,0
30654,0
30655,0
30658,0
30659,0
30660,0
30661,0
30664,0
30665,0
30672,0
30673,0
30678,0
30679,0
30704,0
30705,0
30708,0
30709,0
30718,0
30719,0
30722,0
30723,0
30724,0
30725,0
30728,0
30729,0
30730,0
30731,0
30736,0
30737,0
30738,0
30739,0
30746,0
30747,0
30752,0
30753,0
30756,0
30757,0
30762,0
30763,0
30770,0
30771,0
30776,0
30777,0
30782,0
30783,0
30784,0
30785,0
30786,0
30787,0
30788,0
30789,0
30796,0
30797,0
30800,0
30801,0
30814,0
30815,0
30818,0
30819,0
30832,0
30833,0
30836,0
30837,0
30850,0
30851,0
30852,0
30853,0
30860,0
30861,0
30864,0
30865,0
30866,0
30867,0
30880,0
30881,0
30882,0
30883,0
30886,0
30887,0
30888,0
30889,0
30892,0
30893,0
30898,0
30899,0
30916,0
30917,0
30938,0
30939,0
30940,0
30941,0
30948,0
30949,0
30954,0
30955,0
30960,0
30961,0
30962,0
30963,0
30972,0
30973,0
30974,0
30975,0
30976,0
30977,0
30986,0
30987,0
30990,0
30991,0
31010,0
31011,0
31012,0
31013,0
31032,0
31033,0
31042,0
31043,0
31044,0
31045,0
31050,0
31051,0
31054,0
31055,0
31062,0
31063,0
31070,0
31071,0
31088,0
31089,0
31090,0
31091,0
31092,0
31093,0
31096,0
31097,0
31113,0
31115,0
31117,0
31120,0
31121,0
31122,0
31123,0
31124,0
31125,0
31132,0
31133,0
31150,0
31151,0
31154,0
31155,0
31160,0
31161,0
31162,0
31163,0
31166,0
31167,0
31168,0
31169,0
31172,0
31173,0
31174,0
31175,0
31194,0
31195,0
31204,0
31205,0
31206,0
31207,0
31208,0
31209,0
31216,0
31217,0
31222,0
31223,0
31228,0
31229,0
31232,0
31233,0
31234,0
31235,0
31238,0
31239,0
31240,0
31241,0
31246,0
31247,0
31252,0
31253,0
31254,0
31255,0
31258,0
31259,0
31264,0
31265,0
31274,0
31275,0
31276,0
31277,0
31278,0
31279,0
31288,0
31289,0
31296,0
31297,0
31298,0
31299,0
31304,0
31305,0
31306,0
31307,0
31324,0
31325,0
31326,0
31327,0
31336,0
31337,0
31340,0
31341,0
31344,0
31345,0
31352,0
31353,0
31366,0
31367,0
31370,0
31371,0
31394,0
31395,0
31410,0
31411,0
31414,0
31415,0
31432,0
31433,0
31436,0
31437,0
31438,0
31439,0
31440,0
31441,0
31444,0
31445,0
31448,0
31449,0
31460,0
31461,0
31468,0
31469,1500
31478,0
31479,0
31488,0
31489,0
31490,0
31491,0
31492,0
31493,0
31494,0
31495,0
31502,0
31503,0
31510,0
31511,0
31512,0
31513,0
31520,0
31521,0
31522,0
31523,0
31524,0
31525,0
31528,0
31529,0
31532,0
31533,0
31536,0
31537,0
31544,0
31545,0
31546,0
31547,0
31550,0
31551,0
31552,0
31553,0
31556,0
31557,0
31560,0
31561,0
31562,0
31563,0
31566,0
31567,0
31572,0
31573,0
31584,0
31585,0
31588,0
31589,0
31590,0
31591,0
31598,0
31599,0
31600,0
31601,0
31610,0
31611,0
31620,0
31621,0
31630,0
31631,0
31634,0
31635,0
31638,0
31639,0
31640,0
31641,0
31648,0
31649,0
31654,0
31655,0
31656,0
31657,0
31658,0
31659,0
31670,0
31671,0
31678,0
31679,0
31680,0
31681,0
31684,0
31685,0
31698,0
31699,0
31714,0
31715,0
31716,0
31717,0
31722,0
31723,0
31724,0
31725,0
31728,0
31729,0
31734,0
31735,0
31742,0
31743,0
31744,0
31745,0
31746,0
31747,0
31756,0
31757,0
31758,0
31759,0
31764,0
31765,0
31768,0
31769,0
31774,0
31775,0
31784,0
31785,0
31792,0
31793,0
31796,0
31797,0
31798,0
31799,0
31800,0
31801,0
31802,0
31803,0
31806,0
31807,0
31808,0
31809,0
31812,0
31813,0
31830,0
31831,0
31838,0
31839,0
31842,0
31843,0
31844,0
31845,0
31858,0
31859,0
31862,0
31863,0
31874,0
31875,0
31880,0
31881,0
31882,0
31883,0
31888,0
31889,0
31894,0
31895,0
31896,0
31897,0
31900,0
31901,0
31906,0
31907,0
31928,0
31929,0
31932,0
31933,0
31944,0
31945,0
31946,0
31947,0
31948,0
31949,0
31950,0
31951,0
31960,0
31961,0
31964,0
31965,0
31978,0
31979,0
31984,0
31985,0
31990,0
31991,0
32006,0
32007,0
32014,0
32015,0
32018,0
32019,0
32020,0
32021,0
32022,0
32023,0
32024,0
32025,0
32026,0
32027,0
32028,0
32029,0
32036,0
32037,0
32038,0
32039,0
32044,0
32045,0
32046,0
32047,0
32048,0
32049,0
32054,0
32055,0
32060,0
32061,0
32064,0
32065,0
32066,0
32067,0
32068,0
32069,0
32072,0
32073,0
32076,0
32077,0
32096,0
32097,0
32102,0
32103,0
32104,0
32105,0
32106,0
32107,0
32110,0
32111,0
32114,0
32115,0
32118,0
32119,0
32122,0
32123,0
32130,0
32131,0
32132,0
32133,0
32138,0
32139,0
32146,0
32147,0
32152,0
32153,0
32154,0
32155,0
32164,0
32165,0
32170,0
32171,0
32174,0
32175,0
32178,0
32179,0
32186,0
32187,0
32200,0
32201,0
32204,0
32205,0
32208,0
32209,0
32216,0
32217,0
32222,0
32223,0
32228,0
32229,0
32236,0
32237,0
32238,0
32239,0
32242,0
32243,0
32250,0
32251,0
32252,0
32253,0
32258,0
32259,0
32260,0
32261,0
32264,0
32265,0
32266,0
32267,0
32274,0
32275,0
32282,0
32283,0
32284,0
32285,0
32292,0
32293,0
32294,0
32295,0
32314,0
32315,0
32322,0
32323,0
32332,0
32333,0
32336,0
32337,0
32344,0
32345,0
32352,0
32353,0
32362,0
32363,0
32364,0
32365,0
32366,0
32367,0
32368,0
32369,0
32372,0
32373,0
32376,0
32377,0
32378,0
32379,0
32388,0
32389,0
32396,0
32397,0
32398,0
32399,0
32400,0
32401,0
32406,0
32407,0
32410,0
32411,0
32412,0
32413,0
32414,0
32415,0
32416,0
32417,0
32418,0
32419,0
32424,0
32425,0
32428,0
32429,0
32434,0
32435,0
32438,0
32439,0
32442,0
32443,0
32450,0
32451,0
32454,0
32455,0
32462,0
32463,0
32474,0
32475,0
32476,0
32477,0
32484,0
32485,0
32494,0
32495,0
32496,0
32497,0
32500,0
32501,0
32506,0
32507,0
32510,0
32511,0
32512,0
32513,0
32526,0
32527,0
32540,0
32541,0
32542,0
32543,0
32550,0
32551,0
32552,0
32553,0
32562,0
32563,0
32564,0
32565,0
32566,0
32567,0
32568,0
32569,0
32578,0
32579,0
32582,0
32583,0
32584,0
32585,0
32586,0
32587,0
32606,0
32607,0
32610,0
32611,0
32612,0
32613,0
32618,0
32619,0
32622,0
32623,0
32644,0
32645,0
32646,0
32647,0
32649,0
32656,0
32657,0
